"5月23日晚，浙江省温州市公安局鹿城分局发布通报，当日17时许,莲池辖区欣翔大厦发生持刀伤人事件，事件致包括嫌疑人在内的2人死亡5人受伤。"	人生,人生##死亡
"6月24日下午,济南市章丘区白云湖环卫所环卫清运工唐淑良被一对夫妻围住,夫妻俩拿着刚刚做好的锦旗,不断重复着感谢的话。"	交往,交往##感谢
"今年5月22日,24岁的余杭公安分局交警大队辅警姚晓琦在执勤时被撞牺牲。事后,肇事司机自述,开车时用微信聊天,低了下头,从而酿成大祸(本报及浙江24小时曾连续报道)。"	灾害/意外,灾害/意外##车祸,人生,人生##死亡
"李荣浩成功求婚杨丞琳！年少有为不将就，互相欣赏方为好的爱情""假如我年少有为不自卑，懂得什么是珍贵，那些美梦，没给你我一生有愧……"	人生,人生##求婚
"福建这份文件事关“三创”,专家学者热议点赞"	交往,交往##点赞
"美国网件（NETGEAR）作为当今打造智能家居和小型企业网络设备厂商，于2019年5月25日在深圳望海路海上世界文化艺术中心補时空间，发布全线WiFi6产品即RAX40、RAX80、RAX120、RAX200四款产品，重新布局WiFi市场，新路由器支持下一代Wi-Fi标准——802.11ax，新名称为“Wi-Fi6”，其可以更好地同时处理网络上的大量设备,这一点在现代充满智能小设备的家庭中变得越来越重要。与此同时美国网件宣布将打造HomeHeart智品优选系列产品——智能数字艺术画框Meural以及三频Mesh分布式高速路由器系统Orbi，布局全新无线智能家庭市场。"	产品行为,产品行为##发布
#张恒给郑爽写歌##女儿们的恋爱#第二季，在郑爽生日会当天，张恒给郑爽写了一首歌作生日惊喜	人生,人生##庆生
10岁男孩撞上卷帘门后，触电身亡！门上怎么会有电？！	人生,人生##死亡
10月13日下午1时许，柳州市柳北区天江城小区发生一起人员坠楼事件，一名13岁女孩疑从8楼坠落，不幸身亡。悲剧发生后，死者双亲瘫坐在地痛哭不止。	人生,人生##死亡
10月15日韩国女神级人物崔雪莉自杀的消息震惊了整个网络，随后有不少媒体爆料称雪莉自杀的原因疑似与网络暴力有关，早前她曾因不穿内衣拍照引来不少网友的吐槽，大家猜测雪莉是不是因为不堪忍受网络暴力才选择了自杀。	人生,人生##死亡
10月19日，中国汽车高端品牌EXEED星途旗下超智越级SUV——星途LX“炫·耀不同“西区上市发布会&超能挑战赛在重庆盛大启幕。	产品行为,产品行为##发布
10月21日报道美媒称，印度一所私立学校在上周的一次考试中让学生头戴纸箱——这样做是为了防止作弊。事情曝光后，这所学校对外致歉	交往,交往##道歉
10月28日是杜海涛32岁的生日，女友沈梦辰和快乐家族何炅、谢娜、李维嘉、吴昕纷纷发博为杜海涛庆生，真羡慕海涛有最美好的爱情和最真挚的友情。	人生,人生##庆生
10月31日，康佳正式发布康佳APHAEA未来屏系列产品。	产品行为,产品行为##发布
129元，小米发布无线充电宝青春版：双向18W快充+10W无线输出	产品行为,产品行为##发布
12月结婚！TVB人气小生娶“电台之花”：已开始派喜饼发请帖	人生,人生##结婚
18年缘分说散就散，歌手陈绮贞微博正式宣布和男友钟成虎分手	人生,人生##分手
1905电影网讯《蜘蛛侠：英雄远征》近日在京举办了新闻发布会与粉丝见面会。导演乔·沃茨携“蜘蛛侠”汤姆·赫兰德与“神秘客”杰克·吉伦哈尔亮相。三位主创与媒体、粉丝畅谈了影片幕后制作趣事，还在现场与粉丝热情互动，全场高喊“我爱你3000遍”，中国之行在欢呼声中落下帷幕。电影将于6月28日提前北美4日率先登陆中国，剧情承接“复联4”，蜘蛛侠劫后重生征战欧洲。	产品行为,产品行为##上映
1998年创立于美国旧金山的潮流品牌DiamondSupplyCo.与PUMA再次联手合作，为了迎接夏季的到来，推出了新款滑板鞋，采用经典Tiffany蓝，带来一丝清凉的感觉	产品行为,产品行为##发布
19版第五套人民币即将发行，05版纸币将何去何从	产品行为,产品行为##发布
2015年款的15吋MacBookPro因电池问题被Apple官方宣布召回，美国联邦航空管理局（FAA）近期向国内主要航空公司宣布禁止受影响的MacBookPro作为货运或随身托运，除非用户送回Apple原厂更换电池。	产品行为,产品行为##召回
2017年8月11日，山西煤炭运销集团和顺吕鑫煤业公司发生边坡滑坡，事故造成9死1伤。	人生,人生##死亡
2018年10月晒证宣布与赵丽颖结婚的冯绍峰	人生,人生##结婚
2018年6月21日于长沙取景拍摄，由祖峰导演执导，祖峰，黄璐，陈明昊主演的犯罪剧情片《六欲天》将于2019年11月1日正式全国上映。	产品行为,产品行为##上映
2018年8月，22岁“网红”舞蹈教师在浙江慈溪一夹娃娃机前被前男友割喉身亡。今天，该案在宁波市中级人民法院一审宣判，吴某栋被判被判处死刑，剥夺政治权利终生。	人生,人生##死亡
2019年10月24日，比亚迪e3上市，补贴后售价：10.38-11.98万元，具体车型价格如下	产品行为,产品行为##发布
2019年6月17日22时55分，四川宜宾市长宁县（北纬28.34度，东经104.90度）发生6.0级地震。截至6月18日15点56分，地震已导致13人死亡，199人受伤。	人生,人生##死亡,灾害/意外,灾害/意外##地震
2019年6月17日凌晨，黄文秀在返村途中遭遇暴雨洪流，不幸因公牺牲，年仅30岁。	人生,人生##死亡,灾害/意外,灾害/意外##洪灾
2019年6月29日3时24分，中国工程院院士、东南大学教授孙忠良先生，因病医治无效，在南京逝世，享年83岁。	人生,人生##死亡
2019年7月12日，国家市场监督管理总局缺陷产品管理中心，在其官方网站和微信公众号上发布了《上海施耐德低压终端电器有限公司召回部分剩余电流保护装置》，看到这条消息，确实令人震惊！作为传统的三大外资品牌之一，竟然发生如此大规模质量问题的召回，而且生产持续时间长达一年！从采购，检验，生产，测试，包装，销售，这么多环节竟没有反馈出问题，处于无人知晓状态，问题出在哪里？希望官方能有一个解释了。	产品行为,产品行为##召回
2019年7月28日，和周立波对骂数月的黄毅清更新了动态，动态中是一封手写的道歉信，上面歪歪扭扭的写着道歉内容。信中黄毅清表示自己7月26日和27日，在微博账号上发布的上海经侦民警充当周立波与胡洁的“保护伞”的相关内容实为造谣，原因是和周立波有私人恩怨，以此方式泄愤。	交往,交往##道歉
2019年8月16日，许昕30岁的生日，知名乒乓球记者李武军在个人微博上发文，祝福许昕生日快乐，他写到：“今天是许昕的生日，祝生日快乐！提起许昕，人们总会想起：直拍王，人民艺术家，乒坛创造大师等等称谓……国际乒坛，是你在捍卫着直拍的荣誉；与谁配合，都能夺冠，你又是最佳搭档王；东京奥运，你迎难而上、重任在肩；你就是“不一样的烟火”一一许昕！”其实许昕之所以是因为被人称作不一样的烟火，不仅仅因为他在双打上搭配张继科，马龙和樊振东获得三届世锦赛男双冠军（2011，2015和2017），搭档梁夏银和刘诗雯获得两届世锦赛混双冠军（2015和2019），也不仅仅因为他打球极具欣赏性，能背后击球，能海底捞月，更因为他是个很温暖的球商和情商很高，又很努力刻苦自律的人！	人生,人生##庆生
2019年8月5日，三环路成渝立交往航天立交方向主道上，一辆依维柯起火后发生爆炸。	灾害/意外,灾害/意外##爆炸,灾害/意外##起火
2019年上半年，国家质检总局共发布了84批召回通告，累计召回缺陷车辆275.96万台。	产品行为,产品行为##召回
2019款宝马X3正式上市，有网友说太丑！真的丑吗？	产品行为,产品行为##发布
2019法兰克福车展上兰博基尼（Lamborghini）发布了旗下首款油电混动超级跑车—Sián	产品行为,产品行为##发布
2020款兰博基尼Sián官图发布	产品行为,产品行为##发布
24号下午微博上可就炸开了锅了，何猷君发文宣布奚梦瑶生孩子了！	人生,人生##产子/女
3D动画《精灵小王子》中国内地定档	产品行为,产品行为##上映
3D动画电影《贝肯熊2：金牌特工》于今日发布定档海报，正式宣布定档2020年1月1日，与全国观众一起喜迎新年。	产品行为,产品行为##上映
4.9秒破百，WLTP工况续航400公里，沃尔沃XC40纯电车型上市	产品行为,产品行为##发布
52岁那英给好友庆生，素颜出镜没有明星架子，还点唱韩红歌曲	人生,人生##庆生
5G版华为nova6或12月发布，麒麟990+双打孔屏，比Mate30更便宜	产品行为,产品行为##发布
5个月召回83万辆车，一年被投诉100次，宝马怎么了？	产品行为,产品行为##召回
5月11日晚，封面新闻记者从四川省高速公安四分局了解到，5月11日当天18时许，G0512成乐高速公路乐山往成都方向103KM+500M处（四川省夹江县境内），发生一起3车相撞的道路交通事故。事故造成2人死亡，1人轻伤，6人轻微伤。	灾害/意外,灾害/意外##车祸,人生,人生##死亡
5月16日晚，据知情人士确认，巩俐已经和让.米歇尔.雅尔结婚了。	人生,人生##结婚
5月1日17时许，四川成都天府新区一室外游乐场“孩子的院子”发生安全事故，致12伤2亡。	人生,人生##死亡
5月20日，据外媒报道，“寡姐”斯嘉丽·约翰逊与男友ColinJost订婚了，斯嘉丽的代理人MarcelPariseau确认了消息。	人生,人生##订婚
5月5日凌晨美国媒体消息，前美网冠军斯隆-斯蒂芬斯与目前效力于多伦多FC的美国前锋阿尔蒂多雷订婚。	人生,人生##订婚
5月7日下午，宿迁市委书记、市人大常委会主任张爱军，宿迁市委副书记、市长王昊在骆马湖总部经济会议中心会见了恒逸石化股份有限公司董事长、总经理方贤水，中国国际电子商务中心党委书记姚广海，京东集团副总裁、京东公共战略研究院院长曾晨等出席2019运河品牌电商大会的嘉宾代表。	交往,交往##会见
5月9日，移动电影院对外发布了全新升级的移动电影院V2.0版。	产品行为,产品行为##发布
6月11日，曹云金在微博上宣布自己和伴侣唐菀离婚了。他们这段婚姻非常短暂，一年半都不到。可以说完全是一场奉子成婚的婚姻，因为在曹云金18年2月公布婚讯后，4月份唐菀就生下了女儿sugar。这让网友一度猜测，没有这个孩子，恐怕曹云金并不想结这个婚吧。	人生,人生##离婚,人生##结婚,人生##产子/女
6月12日，据《纽约时报》报道，美国演员西尔维娅·迈尔斯去世，享年94岁。	人生,人生##死亡
6月20日下午，国家市场监督管理总局发布消息，宝马(中国)汽车贸易有限公司根据《缺陷汽车产品召回管理条例》和《缺陷汽车产品召回管理条例实施办法》的要求，决定自即日起，召回2018年11月21日至2019年3月8日期间生产的部分进口X7汽车，共计209辆。	产品行为,产品行为##召回
6月21日，华为在武汉正式推出了全新的nova系列新机，共包括nova5、nova5i、nova5Pro三款。	产品行为,产品行为##发布
6月3日，36岁的谢婷婷昨天（6月2日）透过社交网宣布已为人母。	人生,人生##产子/女
6月4日，苹果举行了WWDC，发布了四大系统：MacOS、iOS、TVOS、WatchOS。其中最受大家关注的自然还是iOS13了。	产品行为,产品行为##发布
6月7日凌晨，谷歌举办发布会，正式宣布其“云游戏”平台GoogleStadia将于11月正式发布。	产品行为,产品行为##发布
7月12日，国家市场监管总局发布召回公告显示，天津一汽丰田汽车有限公司根据《缺陷汽车产品召回管理条例》和《缺陷汽车产品召回管理条例实施方法》要求，向国家市场监督管理总局备案召回计划。决定自即日起，召回2015年1月22日至2019年1月23日期间生产的部分皇冠汽车，共计130375辆。	产品行为,产品行为##召回
7月14日，一架载有跳伞爱好者的旅游专机，在瑞典北部城市于默奥周边的一座岛屿附近坠落，机上9人全部遇难。	人生,人生##死亡,灾害/意外,灾害/意外##坠机
7月15日，聂辰席、张宏森同志会见山东省委常委、宣传部长关志鸥一行。	交往,交往##会见
7月16日凌晨，合肥经开区蓬莱花园小区一民房突发起火，一名8旬老人不幸在火海中遇难。	人生,人生##死亡,灾害/意外,灾害/意外##起火
7月17日，“杭州城市大脑·余杭平台”正式发布！	产品行为,产品行为##发布
7月26日，有网友发布消息称，一名31岁的孕妇在四川南充南部县妇幼保健院及县人民医院剖腹产生下一名男婴后死亡，而产妇据家属称，在抢救孕妇过程中，曾被医生要求收费，并且只收现金，产妇家属表示“怀疑是没有给钱才导致孕妇死亡。	人生,人生##死亡
7月27日凌晨，刘东海的爱人刘玉梅因病去世，家人们悲痛欲绝，但仍坚持等待市红十字会安全采摘其眼角膜。	人生,人生##死亡
7月2日下午，一名39岁的中年妇女，遭到10岁男孩抛下的灭火器砸中，当场就不治身亡，而更加让人感到害怕的是，事发之前还有一个灭火器从高空抛下。	人生,人生##死亡
7月2日正式发布！小米CC9搭载骁龙730+4000mAh，仅售2199元起	产品行为,产品行为##发布
7月2日，小米集团在北京水立方发布小米CC9、小米CC9e和小米CC9美图定制版三款小米CC系列手机。这是小米手机中首款采用前置3200万像素+后置4800万像素三摄旗舰相机的产品。	产品行为,产品行为##发布
7月4日上午，桓台县果里镇周家卫生院组织开展“健康教育赶大集”活动。据了解，本次义诊活动持续2个多小时，共诊疗群众120余人次，发放宣传资料300余份，受到赶集群众的欢迎和点赞。	交往,交往##点赞
7月4日，由中铁十九局承建的青岛地铁1号线胜利桥站施工围挡处发生塌陷，造成一名施工人员死亡；而在此之前的5月27日，由中铁二十局施工的地铁4号线沙子口静沙区间施工段坍塌，5名被困工人全部遇难。	人生,人生##死亡,灾害/意外,灾害/意外##坍/垮塌
80后妻子拿丈夫当“孙子”使，丈夫不满执意离婚	人生,人生##离婚
8月21日，据四川省应急管理厅消息，截至当日下午3时许，受暴雨灾害影响，卧龙特别行政区耿达镇有96位村民和游客滞留，8人失联。	人生,人生##失联
8月24日，柒财经联合新金融品牌公关联盟、新金融记者俱乐部举办的“2019新金融品牌高峰论坛”在北京举行。峰会上，美利车金融凭借高效的运营效率、专业贴心的客户服务，斩获“2019最受用户和媒体喜爱十大新金融品牌”奖项。	产品行为,产品行为##获奖
8月29日，国家市场监督管理总局局长肖亚庆在京会见高通公司首席执行官史蒂夫·莫伦科夫一行，双方就加强合作交流等议题交换了意见。	交往,交往##会见
8月2日消息，2019年中国国际数码互动娱乐展览会（2019ChinaJoy）今天在上海正式拉开帷幕。其间，OPPO首次亮相ChinaJoy，展示了多项全新的手游技术，并携手腾讯游戏《和平精英》开展“百人精英挑战赛”。	产品行为,产品行为##发布
8月4日下午，洛阳市汝阳县城关镇云梦桥橡皮坝附近发生一起溺水事件，一名年轻的母亲带着两个年幼的孩子到河边玩耍，结果不慎落水，年轻的母亲和自己的儿子溺水身亡，只有亲戚家的小女孩躲过一劫。	人生,人生##死亡
8月4日傍晚，湖北鹤峰县躲避峡突发山洪。记者从现场救援指挥部获悉，截至5日下午，突发山洪造成12人死亡，仍有1人失联。	人生,人生##死亡,灾害/意外,灾害/意外##洪灾,人生##失联
8月5日消息，华为Mate30系列预计将于今年10月发布，其硬件升级备受关注。除了麒麟985、支持5G、采用“瀑布屏”之外，Mate30系列的相机升级也备受期待。日前，最新爆料称Mate30Pro将采用4000万主摄+4000万像素广角的配置，将成为业内首款双大底高像素拍照手机。	产品行为,产品行为##发布
8月5日，事发地公安机关——莆田市公安局荔城分局镇海派出所专门给清流监狱发来感谢信。	交往,交往##感谢
8月8日，三星在纽约发布了旗舰机GalaxyNote10/10Plus。这是三星首次在Note系列中采取双机策略，并且均推出了5G版。	产品行为,产品行为##发布
96岁老人眼疾被治愈亲书书信表谢意	交往,交往##感谢
9月10日上午，万达广场物业管理中心负责人送上印有“破案神速、雷霆出击”字样的锦旗到盐都区公安局潘黄派出所，对该所快速破案追赃挽损表示感谢。	交往,交往##感谢
9月16日是乔任梁去世三周年的日子，三年前的那天乔任梁离世的新闻突然爆出，大众都很震惊，因为在乔任梁死之前的那段时间他还在录制节目和正常工作，没想到却突然被爆出因为自杀的新闻，当时新闻刚出来时，很多人都是不敢置信的感觉，后来乔任梁的经纪人出来告知大家乔任梁是真的去世了，他之前就已经患上了抑郁症，他就是因为抑郁症才去世的。	人生,人生##死亡
9月16日晚上11点，周杰伦推出2019新歌新单曲《说好不哭》首播，重新点燃了80后90后的青春。	产品行为,产品行为##发布
9月18日，成都商报-红星新闻记者从某经销商处获知，iPhone新款手机已经到店，但由于苹果公司的相关规定，新款手机9月20日才会正式发售。	产品行为,产品行为##发布
9月19日时，唐嫣上发布一条微博，唐嫣官宣怀孕的喜讯，结婚到现在一年时间不到，罗普转发了唐嫣的微博并且还有配文；与大家分享我们的喜悦，看到配图更加有意思了，两颗爱心变成就变成礼物了，是不是很是幸福，甜蜜的生活。	人生,人生##怀孕,人生##结婚
9月19日，华为将在德国慕尼黑正式发布新旗舰Mate30系列。	产品行为,产品行为##发布
9月19日，开瑞新能源旗下的全新车型海豚EV正式上市，共推出3款车型，补贴后销售价区间为12.48-12.88万元。	产品行为,产品行为##发布
9月1日，3岁女童汪莉从四川省攀枝花盐边县惠民乡中心幼儿园走失。	人生,人生##失联
9月1日，跟谁学在其微信公众号上发布《关于跟谁学iOS客户端短暂下架的声明及临时解决方案》（下称《方案》）。	产品行为,产品行为##下架
9月21日是王俊凯的20岁生日，在生日当天，他收到了很多好友及粉丝送的祝福，为了庆生还特意开了直播与粉丝互动。	人生,人生##庆生
9月27日国家市场监督管理总局官网显示，长城汽车股份有限公司（简称“长城汽车”）自2019年12月15日起，召回2016年11月4日至2017年10月11日期间生产的哈弗H2s汽车，共计62655辆。	产品行为,产品行为##召回
9月28日，火箭少女101sunnee杨芸晴的24岁生日，作为一个团体成员的生日虽说团体没有一个不落的公开送祝福，但也许在私底下早已表示祝福，我们也是不知道的。	人生,人生##庆生
9月7日12时许，安庆市宜秀区境内行驶中的两辆浙江牌照小轿车发生正面相撞，造成3人死亡、1人重伤，事故原因正在进一步调查中。	灾害/意外,灾害/意外##车祸,人生,人生##死亡
9月7日，在合肥望江西路蜀南庭苑小区，一名90后年轻男子被发现不幸身亡，而其屋内还有烧炭痕迹。	人生,人生##死亡
B站下架将近300部作品，有史以来最严自查，网友：网盘见系列	产品行为,产品行为##下架
B站下架超60部动漫回归名单，快来看看你老婆回家没有	产品行为,产品行为##下架
B站本轮新番下架原因曝光，川柳最无辜，四重奏最惨	产品行为,产品行为##下架
CAD设计团队轻协作工具，CAD派客云图协作版发布	产品行为,产品行为##发布
Coach道歉：全球范围内下架所涉商品	交往,交往##道歉,产品行为,产品行为##下架
C罗与现任的女友非常恩爱，两个人已经有了爱情的结晶，只不过令很多人疑惑的就是C罗为什么不举办一场婚礼，看到现任与C罗的爱情历程，C罗的前女友伊莲娜却遇到了感情问题，她和她的男友库珀已经分手，感情走到了镜头，可是就因为分手之后伊莲娜迟迟不能释然导致自己非常生气，8月16日的时候根据西班牙媒体报道，C罗前女友分手发狠，伊莲娜准备以出书的方式揭露原委，让世人看看库珀的真面目，这让库珀本人非常的紧张，从种种情况来看，库珀的确严重伤害了伊莲娜，当时的C罗与俄罗斯名模恋爱五年分手之后也没有闹的这么沸沸扬扬。	人生,人生##分手
EXO三首成名曲，其中两首已经被下架，趁还剩一首赶紧下载	产品行为,产品行为##下架
Hello大家好，我是@Geek枫云，起亚新款K7（除韩国市场使用K7命名外，其他市场均称为Cadenza凯尊）实车于韩国首次亮相。	产品行为,产品行为##发布
LOL：骚男被网友质疑：离婚之后恐怕打击很大，对马面情感不对劲	人生,人生##离婚
OnePlus7Pro上线	产品行为,产品行为##发布
Papi酱旗下博主回应起诉：版权意识不强已下架	产品行为,产品行为##下架
RedmiBook14集显版明天首发：酷睿i5+8G内存3799元	产品行为,产品行为##发布
SNK街机摇杆NEOGEOArcadeStickPro登场	产品行为,产品行为##发布
Windows版iTunes零日漏洞曝光，Apple发布安全补丁	产品行为,产品行为##发布
iPhone11正式发售，iOS13正式发布	产品行为,产品行为##发布
vivoZ1目前有三个版本分别为vivoZ1i、vivoZ1和vivoZ1青春版。vivoZ1i是vivo在2018年7月上市的，搭载高通骁龙636处理器；vivoZ1是vivo在2018年10月发布的，搭载高通骁龙660AIE处理器；vivoZ1青春版是vivo在2018年11月上市的，搭载高通骁龙626处理器。最近网上有消息爆料称，vivoZ1Pro即将在印度市场上市。	产品行为,产品行为##发布
“大表姐”詹妮弗劳伦斯，身材一袭长裙参加订婚派对，好看又淑女	人生,人生##订婚
《RunningMan》就涉嫌抄袭网络漫画再次道歉	交往,交往##道歉
《唐人街探案3》正式定档，两位全球美少女加盟，票房预计40亿	产品行为,产品行为##上映
《回家的诱惑》已经开播有8年了，2011年《回家的诱惑》收视火爆，捧红了一众演员，而8年后，剧中的主演们也都有了各自全新的生活，饰演女主的“林品如”秋瓷炫，嫁给了好男人于晓光，并且两人还补办了婚礼。	人生,人生##婚礼
《新相亲大会》第二季开播在即男嘉宾被赞“翻版李钟硕”	产品行为,产品行为##发布
《最长一枪》定档9月6日全员戏骨不靠鲜肉拼演技	产品行为,产品行为##上映
《白发王妃》定档，罗云熙饰演容齐，比润玉还痴情的他让人心疼	产品行为,产品行为##上映
《蜘蛛侠：英雄远征》距离内地首映的时间也过去些许时日了，这部作为漫威《复仇者联盟4：终局之战》这部电影的剧情延续，自然会受到漫威粉丝们的追捧，在票房和口碑上，可以看出蜘蛛侠2的成功！	产品行为,产品行为##上映
《越狱》导演鲍比·罗斯执导的又一力作电影《越域重生》今日震撼上线。本片集结了中国实力派演员林雨申、“全球最美面孔”朱珠，联合《越狱》原班人马，超级反派T-Bag罗伯特·克耐普，凶恶而神秘的犯人C-Note洛克蒙·邓巴，饰演FernandoSucre的阿莫里·诺拉斯科，饰演GretchenMorgan的乔迪·琳·欧基菲，以及《终结者2》的T-1000罗伯特·帕特里克等众星，跨境集结，绝地逃生!	产品行为,产品行为##上映
《音乐家》今日上映胡军赴哈共唱中哈英雄赞歌	产品行为,产品行为##上映
《马力欧医生世界》将于7月10日登陆手机平台	产品行为,产品行为##上映
《黑衣人》系列电影可以说是新科幻电影的鼻祖了，从1997年《黑衣人》上映开始，就吸引了无数年轻人的目光。	产品行为,产品行为##上映
「值日声」海贼王20周年献礼，剧场版《狂热行动》今日国内上映，你最喜欢哪个角色？	产品行为,产品行为##上映
「报道」聂辰席、张宏森会见山东省委常委、宣传部长关志鸥一行	交往,交往##会见
「话娱琅琊榜」｜Top1：恺英网络总经理兼财务总监涉嫌操纵证券市场罪；趣头条iOS被下架，或因产品违反APPStore规则	产品行为,产品行为##下架
一加7Pro海外发布，骁龙855+4800万后者置三摄+2K曲面屏确认	产品行为,产品行为##发布
一名23岁的大学男生驾驶先导出行旗下共享汽车与一名推婴儿车的34岁女子相撞，婴儿车内年仅1岁6个月的男婴经抢救无效死亡。	灾害/意外,灾害/意外##车祸,人生,人生##死亡
一名大陆游客在台湾失踪	人生,人生##失联
三星GalaxyWatchActive2发布：279美元起	产品行为,产品行为##发布
不久前，郎朗公开恋情，宣布结婚。对方是一个非常漂亮的混血女孩——吉娜-爱丽丝。	人生,人生##结婚
不过今日华硕官方却正式公布宣传新一代旗舰产品ZenFone6，发布日期定在5月16日	产品行为,产品行为##发布
不过在迎接这些新活动之前，可不要忘记目前游戏中的几个活动，等到7.04会被随之下架删除哦。	产品行为,产品行为##下架
与冯绍峰结婚之后的赵丽颖一直都是把自己的重心全部都是投入到了家庭中，又加上已经是晋升为妈妈的赵丽颖更加的就是注重家庭了。	人生,人生##结婚
与范冰冰分手后，李晨事业越来越好，即将搭档迪丽热巴参加真人秀	人生,人生##分手
专项整治行动集中下架危害青少年身心健康应用200余款	产品行为,产品行为##下架
东风雷诺K-ZE将于9月5日正式上市，新车定位纯电动小型SUV	产品行为,产品行为##发布
两次以独立候选人身份参与竞选美国总统的亿万富翁罗斯·佩罗9日去世，终年89岁。	人生,人生##死亡
两次荣获国家级大奖，对任何人来说都是了不起的荣誉。对农民出身、只有初中文化的许会锋来说，更是难得。从普通农民到国家级大奖获得者，45岁的许会锋走过了一条怎样的追梦之路，他脚下的泥土，为何能长出散发乡土气息、浓缩时代芳华的乡村歌谣？	产品行为,产品行为##获奖
中共中央总书记、国家主席、中央军委主席习近平专门邀请刚刚获得2019年女排世界杯冠军的中国女排队员、教练员代表，参加庆祝中华人民共和国成立70周年招待会，并在会前亲切会见女排代表，同大家合影留念。	交往,交往##会见
中兴发布首款5G/FTTH双模家庭网关高速＋稳定	产品行为,产品行为##发布
中国女排本色出演《中国女排》神情略显疲惫，成龙现场探班	交往,交往##探班
中国工业技术软件化产业联盟（以下简称联盟）联合工业和信息化部电子第五研究所、树根互联技术有限公司、苏州同元软控信息技术有限公司等企业和机构在“软件赋能转型”展区举办工业软件展，并于展会期间发布了“工业互联网APP培育动态监测分析系统”。	产品行为,产品行为##发布
中国经济周刊-经济网讯7月4日，据国家市场监管总局网站消息，日前，南京金龙客车制造有限公司根据《缺陷汽车产品召回管理条例》和《缺陷汽车产品召回管理条例实施办法》的要求，向国家市场监督管理总局备案了召回计划。决定自即日起，召回2014年12月1日至2015年12月2日生产的部分NJL6118型纯电动城市客车，共计25辆。	产品行为,产品行为##召回
中暑市民及时获救公安局队长朋友圈引百人点赞	交往,交往##点赞
中秋佳节将至，两大电影同时上映，你pick哪个？	产品行为,产品行为##上映
为了庆祝《Minecraft（我的世界）》十周年，微软决定在今年夏季推出《MinecraftEarth》AR手游，并发布了游戏宣传片。	产品行为,产品行为##发布
为纪念“GOT72019WORLDTOURKEEPSPINING”世巡的举办，韩国7-11便利店将于7月初推出印有GOT7肖像的专属交通卡，分为七人七色单人版本和团体版本共8种款式，可通过韩国7-11便利店购买。	产品行为,产品行为##发布
主办方：尤文已就C罗缺席一事道歉，将发布正式声明致歉	交往,交往##道歉
乔任梁去世三年，陈乔恩不忘看他父母，有这种朋友此生不白来！	人生,人生##死亡
九月六日，曾志伟儿子曾国祥与女友王敏奕官宣喜讯，两人在亲友见证下于日本举行森林婚礼，爱情长跑六年终修成正果，一时间亦收到万千网友祝福。	人生,人生##婚礼
九江职院喜获第四届“踏瑞杯”全国高职高专人力资源管理技能大赛（中部赛区）特等奖	产品行为,产品行为##获奖
习近平会见越南国会主席阮氏金银	交往,交往##会见
买车网获悉，在2019年东京车展中，三菱正式发布了混动概念SUVMI-TECH。	产品行为,产品行为##发布
了解何雯娜的人都知道，她在之前有一段感情，男方陈一冰是吊环王子，而何雯娜是蹦床公主，两人就是体操界的金童玉女，不过两人最终还是分手了，现在也都有了各自的归宿。	人生,人生##分手
云南昆明6岁男童赵杰，上周五（24日）晚在一间超市现身后失踪，至今下落不明。超市老板指，赵杰当时花费200元人民币购买玩具枪、糖果等。男童母亲表示，她一般会根据单一商品价值给钱，怀疑对方诱骗拐走儿子。	人生,人生##失联
五线合一！全国12315平台上线	产品行为,产品行为##发布
京都动画火灾牺牲者身份已全部查明预计将于近日公开	人生,人生##死亡,灾害/意外,灾害/意外##起火
京阿尼火灾一名女性受伤者重伤去世，至此，火灾遇难者36人	人生,人生##死亡
亲子电影《亲密旅行》笑动成都沙溢现场与观众热情互动获点赞	交往,交往##点赞
今天下午华为Mate30系列正式在国内发布。	产品行为,产品行为##发布
今天下午，华南农业大学官网发布消息：我国著名作物遗传育种专家、华南农业大学教授卢永根院士，于8月12日在广东省中医院大学城医院逝世，享年89岁。	人生,人生##死亡
今天任天堂发布了SwitchLite，这是一款经过重新设计的版本，专为便携游戏而生。	产品行为,产品行为##发布
今天和大家说一部新剧，这部剧的名字叫做“冰糖炖雪梨”，这部剧现在已经定档了，很让人期待吧！这部剧讲的是素华少女和冰球男神的爱情故事，剧情还很励志呢！这部剧的演员相信大家都很熟悉，下面就给大家介绍下。	产品行为,产品行为##上映
今天娱乐圈双喜临门，一边是唐嫣罗晋宣布怀孕，另一边则是杨丞琳和李荣浩的爱情终于修成正果，在社交媒体上宣布领证结婚	人生,人生##怀孕,人生##结婚
今天简述的一部国产动画片《魁拔》获得过第五届亚洲动漫大赛最佳技术视觉效果奖动画类，是由北京青青树动漫科技有限公司于2011年开始推出的由王川执导的国产奇幻动画系列大电影。	产品行为,产品行为##获奖
今天，LG官方公布了两款中端机型K50S和K40S，预计将在今年2月份的MWC世界移动通讯大会上公布。	产品行为,产品行为##发布
今年已经41岁的梁静茹和老公赵元在2010年结婚，婚后幸福恩爱，二人共同有一个儿子。本该甜甜蜜蜜的幸福一家，却在上月的中旬梁静茹却道出其实已经签字离婚。	人生,人生##离婚,人生##结婚
今晨5点08分，武汉大学查全性院士因病离世，享年95岁。	人生,人生##死亡
从三门峡市应急管理局获悉：截至7月19日21时20分，河南省煤气（集团）有限责任公司义马气化厂爆炸事故已造成2人死亡，12人失联，重伤18人（目前生命体征平稳），现场救援正在紧张进行中。	人生,人生##死亡,灾害/意外,灾害/意外##爆炸,人生##失联
令天被前fx成员雪莉的去世信息疯狂刷屏，鲜活的生命永衡定格在25岁这样一个本应如花绚烂的年龄。	人生,人生##死亡
但两人一直保持着男女朋友关系，甚至在这七年里，陈丽还给他生了3个孩子。	人生,人生##产子/女
但是根据canonnews消息，佳能近日公布了三款全新RF镜头的专利：RF70-400mmF4.5-5.6、RF70-300mmF4-5.6以及RF70-200mmF4-5.6，但是目前还不知道佳能何时会最终公布三支镜头的亮相时间。	产品行为,产品行为##发布
何洁卖三胎女儿二手衣服遭网友吐槽，默默下架换成自己的物品	产品行为,产品行为##下架
何洁回应出轨门，称自己生三胎为了保护生命	人生,人生##出轨
何雯娜梁超宣布订婚后首现身两人黑色情侣装出行甜蜜蜜	人生,人生##订婚
作为模特出身的奚梦瑶，这几天她的新闻非常的火爆啊，连续几天都上了热搜，不仅长得漂亮，身材又好，现在还准备嫁入豪门了，太让人羡慕了吧，而才刚被甜蜜求婚的奚梦瑶又马上投入工作，现身机场前往某电影节，被求婚后的奚梦瑶一身“约会装”，满屏都是大长腿，一脸满脸甜蜜的样子，但是网友却说：不是怀孕了，怎么一点都看不出的呢。	人生,人生##求婚
作为表演系科班出身的潘粤明从出道以来演技一直备受认可，让网友印象深刻的作品就是和赵薇主演的《京华烟云》，那时候也是他的颜值巅峰，后来与董洁因戏生情结婚之后淡出娱乐圈，被誉为“金童玉女”的俩人婚姻仅仅维持了4年便以离婚而收场。	人生,人生##离婚,人生##结婚
保时捷召回部分进口911、博斯特、凯曼、帕那美拉系列汽车	产品行为,产品行为##召回
借赖茅品牌回归5周年之际，中国石化山东滨州石油分公司于9月3日在滨州市青藤源大饭店举办“信以致远，赖必相守”赖茅酒品鉴会，以多项优惠政策答谢广大新老客户。	交往,交往##感谢
倪妮感谢张艺谋，网友：希望你站在领奖台上说感谢	交往,交往##感谢
全国政协副主席刘奇葆4日上午前往越南驻华使馆，代表中国政府吊唁越南前国家主席黎德英逝世。	人生,人生##死亡
全新NEOGEO硬件NEOGEOArcadeStickPro是一款街机摇杆。以游戏主机NEOGEOCD手柄设计为概念，并放大尺寸（约W430mm*D215mm*H125mm）到能具备作为大型街机摇杆的实用性。能切换摇杆模式与主机模式两种模式来使用。本产品将面向全球发布（备注：依据各国法律政策，将会对产品进行调整），详细发售日、价格等，将于日后正式发表，敬请期待。	产品行为,产品行为##发布
全新宝骏旗下RM-5亮相，预计9月将上市	产品行为,产品行为##发布
八月，第一部5G手机由中兴发布。5G给用户带来了一个网络无处不在的新世界，无论是电子设备，工业机器，农业设施，都会逐渐接入网络。在互联网时代，慈善公益也能通过网络媒体，得到迅速的传播，无远弗届。然而，中美两国之间的慈善公益还是有相当大的差别。在互联网公益方面，中国甚至超越了美国。	产品行为,产品行为##发布
六旬老人与邻居发生纠纷警方带离途中老人瘫倒死亡	人生,人生##死亡
关心宋慧乔的网友都知道，7月22号的时候宋慧乔和宋仲基离婚案在首尔家庭法院开庭进行离婚调解，两人已经依法离婚了。	人生,人生##离婚
关晓彤探班鹿晗力破分手传言，网友：热巴怎么办？	交往,交往##探班
其实在不久前，艾利和子品牌Astell&Kern已经率先在德国发布了随身发烧播放器最新产品A&ultimaSP2000，替代了此前SP1000的旗舰地位。对于A&ultima系列播放器的粉丝来说，功能和配置有巨大升级的SP2000毫无疑问如今的最佳选择，在经历了一段时间的等待后，SP2000的国行版本如今正式开售了，而这次开售前的试听会，则是选择在珠江新城的四季酒店举行，可谓是好机器好风景，。	产品行为,产品行为##发布
具惠善和安宰贤这出连续剧近日又迎来了新剧情，9月4日上午，具惠善在个人社交平台写道：“确切地说离婚原因就是安宰贤的出轨”，并说男方与正在拍摄中的电视剧的女演员的绯闻已经传到了她的耳朵里，她还表示安宰贤经常以忙为由不回复她的短信，却同时与那位演员用短信聊天，让她感到非常心痛。	人生,人生##离婚
具惠善在与安宰贤结婚之后就鲜少出现在萤光幕前，而是将事业重心放到写作、艺术、幕后等其他领域。	人生,人生##结婚
再等28天，双擎卡罗拉正式上市，看到价格，网友：又要被疯抢	产品行为,产品行为##发布
冲超形势告急，紧急发表道歉信致歉球迷	交往,交往##道歉
净网2019」今年上半年近1200个移动互联网恶意程序被下架	产品行为,产品行为##下架
凌晨4点还接单！51岁外卖骑手车祸身亡，最后时刻挽救四条生命	灾害/意外,灾害/意外##车祸,人生,人生##死亡
刘诗诗台北产子，48岁吴奇隆升级当爸，吴奇隆报喜：母子平安	人生,人生##产子/女
前不久，贵州铜仁一位村民在家附近的江里发现了一具女性尸体，警方到达现场后发现，死者是一名年轻的女性，并且还怀有六七个月的身孕，经过调查发现，死者生前是江苏南通被取保候审的诈骗罪嫌疑人24岁的侯某。	人生,人生##死亡,人生##怀孕
前些日子，索尼发布了新一代真无线降噪耳机WF-1000XM3，其受欢迎程度已经快到了长期无货的地步，不少用户抢购了之后也需要在半个月左右才能发货。	产品行为,产品行为##发布
前女排队长嫁大12岁老外，41岁才生娃，年仅5年近照胖到认不出	人生,人生##结婚,人生##产子/女
前段时间谈了一场恋爱，粉丝损失惨重，分手后的周二珂快速开始自己的新恋情	人生,人生##分手
前段时间，LVMH集团正式宣布了与蕾哈娜联手推出全新奢侈品牌FENTY的消息。	产品行为,产品行为##发布
加拿大对原产于中国的童装实施召回	产品行为,产品行为##召回
加拿大知名男演员基努李维（KeanuReeves）主演的杀神电影系列新作《捍卫任务3：全面开战》（JohnWick:Chapter3–Parabellum）于上个月上映之后仅用了10天就赢过前2部的票房成绩，目前已经于全球累积突破2.21亿美元票房。	产品行为,产品行为##上映
北京奔驰召回“减震器门”缺陷汽车，并给出修复方案。	产品行为,产品行为##召回
北京时间17日，J联赛球队浦和红钻在自己的官方首页刊登了一则致歉“宣言”	交往,交往##道歉
北京时间5月28日，Redmi在北京召开的新品发布会上，推出了RedmiK20、RedmiK20Pro、Redmi红米7A和Redbook14等四款极具竞争力的最新产品。随后，小米创始人雷军在其个人公众号上，发布了对Redmi品牌的五大战略和目标	产品行为,产品行为##发布
北京时间9月12日凌晨1点苹果新品发布会上似乎让之前的一切传闻和猜测都尘埃落地了，今年发布内容包括了iPhone11系列所有新功能，第七代iPad还有AppleWatchSeries5系列，而其中专家们和分析家们一直期待的新功能在产品发布会上却没有出现。	产品行为,产品行为##发布
北京现代新款悦纳将9月底上市颜值更高	产品行为,产品行为##发布
北现订阅式用车服务上线准备借“钢铁侠”重振销量	产品行为,产品行为##发布
十月新时装【影刃】上线，参与充消活动得丰富精美外观。	产品行为,产品行为##发布
半个月之前，奚梦瑶接受了来自何猷君的求婚，虽然求婚仪式饱受诟病，但是能成为赌王何鸿燊的儿媳，光是这一点，多少人就成了一棵柠檬树了。	人生,人生##求婚
华为P40揭开在DxO正式亮相，花粉哭泣，Mate30还没捂热呢！	产品行为,产品行为##发布
华为在智利发布云服务，相关概念股有望直接受益	产品行为,产品行为##发布
华为昨天在上海发布了它的mate30国行系列，人们最关注的还是华为这个系列手机的价格问题，让很多人出乎意料的是华为的Mate30售价3999元起。	产品行为,产品行为##发布
华为正式发布首款商用5G手机A股上市公司纷纷被追问是否为供应商	产品行为,产品行为##发布
华为正式发布鸿蒙OS真正AI全场景智慧时代正在来临	产品行为,产品行为##发布
华为海外新机海报，宣布华为将于10月17日发布一款全新的手机产品，而且从海报上的手机剪影来看，可能会采用全新的屏幕设计。	产品行为,产品行为##发布
华商报榆林讯（记者杨虎元实习生纪元琪）7月13日8时5分，榆林子洲县公安指挥中心接警称，子洲县苗家坪镇小山则村一户人家疑似发生一氧化碳中毒事故，造成4人死亡。	人生,人生##死亡
华瑞银行挪用同业资金炒股被罚智能存款产品下架或带来“至暗时刻”	产品行为,产品行为##下架
华硕发布刀版卡GTX1650：少见自带背板	产品行为,产品行为##发布
华米发布多款智能穿戴设备国产黄山1号芯片给力	产品行为,产品行为##发布
南非发生校园枪击事件一教师身亡	人生,人生##死亡,灾害/意外,灾害/意外##袭击
南韩艺人雪莉（Sulli，本名崔真理）被发现在自宅轻生，花样年华般的25岁生命止于14日，她以童星出道，后来成为女团f(x)一份子，自杀噩耗一出，前队友Luna（本名朴善英）也通过经纪公司宣布退出音乐剧演出，让一票粉丝相当心疼及担心。	人生,人生##死亡
原全国人大常委、香港金利来集团创办人曾宪梓去世	人生,人生##死亡
又一电信巨头倒戈，下架华为手机拒绝华为5G，如今却“反悔”了	产品行为,产品行为##下架
又一起坠机事故发生，美国居民区燃起熊熊大火，机上人员已经丧生	人生,人生##死亡,灾害/意外,灾害/意外##起火,灾害/意外##坠机
双宋夫妇正式离婚！调解历时近一个月，下半年宋慧乔或将停工疗伤	人生,人生##离婚
发生“玻璃窗坠落致男童身亡”事件后不到一个月，深圳京基御景华城小区又发生4起高空坠物个案。	人生,人生##死亡
可能是最近华为小米过于活跃，一直没什么新品爆料的OPPO，在7月29日下午终于忍不住了，OPPO副总裁沈义人在微博上公布了全球首款“瀑布屏”真机，如此看来，官方爆料基本可以确认这款工程机差不多能够流畅使用了。	产品行为,产品行为##发布
同是钢琴家，他比郎朗大12岁照样娶95后女友，还骂俞飞鸿是老大妈	人生,人生##结婚
吴京以一名铁血硬汉的形象被大家所熟知，自幼习武，实力强劲！早年间因拍摄一些武打片崭露头角，同年获得最佳配角奖。	产品行为,产品行为##获奖
吴奇隆刘诗诗因戏相识，结婚多年一直没孩子，直到近日传出好消息	人生,人生##结婚
告别水滴、刘海，华为首款真全面屏手机正式开售！售价亲民	产品行为,产品行为##发布
周四上午，曼联俱乐部在塞尔维亚贝尔格莱德举行了纪念仪式，缅怀在1958年慕尼黑空难中丧生的人们。	人生,人生##死亡
周末没太关注最新资讯，今天一早百度实时热点推送了网易云音乐遭下架的事件。	产品行为,产品行为##下架
呼伦贝尔市科技馆讲解员喜获自治区科技辅导员大赛一等奖	产品行为,产品行为##获奖
唐老鸭与粉丝在上海共庆生日	人生,人生##庆生
商洛新闻网讯：8月23日上午，市委书记陈俊在市行政中心会见了十三届全国人大代表、中国电子信息产业集团总经理助理、中电工业互联网有限公司董事长朱立锋一行。市委常委、常务副市长武文罡，市委常委、副市长张礼进一同参加会见。	交往,交往##会见
因B站番剧下架，粉丝开启新一轮大战，某菜粉丝也再度反击	产品行为,产品行为##下架
因为一部和梁朝伟合作的电影，让汤唯坐上了“过山车”，一时间名声大振，却因种种原因备受争议，乃至汤唯一度跑去国外躲避清净，随后汤唯结婚生子，沉寂几年后，汤唯靠着《地球最后的夜晚》再次回到荧幕之中，网友惊奇地发现，汤唯竟说着一口流利的英语回归了！	人生,人生##结婚,人生##产子/女
因为接下来就要有好多的电影会在国庆小长假上映，例如《中国机长》、《攀登者》、《我和我的祖国》等。	产品行为,产品行为##上映
国产动漫《哪吒之魔童降临》上映10天，截至发稿票房已经破22.3亿元。	产品行为,产品行为##上映
国产汽车这几年中的发展可以说是一直很稳定的往上增加的，在自身的技术更上一层楼的情况下，自身的车型也是有着一个比较大的更新，加上越来越多的年轻消费者涌入市场，可以说在一定的程度上面是促使了车型上面的更新换代，但是在大家的实力都是提升了之后，竞争自然也是越来越激烈的，而在传统紧凑型家轿市场中，那竞争压力更是高出了多个层级。除了技术研发上要做足功夫外，产品外观更是不能落于人后。全新的紧凑级的轿车——东风奕炫的诞生就说明了很多的东西，这款车也是敲定九月九号正式上市了，那么今天我们就来说一下这款全新的紧凑级的轿跑吧！	产品行为,产品行为##发布
国信证券7000字热文卖温情频频踩雷今年7次公开道歉	交往,交往##道歉
国航上线百度智能小程序，日活提升559%，成功打造品牌“新官网”	产品行为,产品行为##发布
国际在线专稿：据俄新社6月15日报道，当地时间14日晚，在俄罗斯萨拉托夫市，一男子与几名女子因为随地扔垃圾的问题起了争执，男子被其中一名女子捅伤，抢救无效死亡。	人生,人生##死亡,灾害/意外,灾害/意外##袭击
国际排联称赞朱婷！但赛后一幕令球迷担心，球迷纷纷说道：请休息	交往,交往##点赞
在2019年7月18日，39岁的女星，安以轩发文官宣生子的喜讯。还晒出小宝宝的两个小脚丫，其中两个脚趾上套着两颗巨大的钻戒非常吸睛，配文表示孩子的昵称叫66。	人生,人生##产子/女
在5月28日的推送文章《点赞！临颍王孟一党员写村史手稿就有50万字》中，小编因疏忽错将标题“王岗”打成了“王孟”，在此向大家郑重道歉。	交往,交往##道歉
在iPhoneXS系列推出后，就冲这外观设计，不少iPhoneX用户“免费”参与了苹果年年换新计划，“iPhoneXS”真香。但是在2019款iPhone出现后，iPhoneXS系列却没有这样的福利了，毕竟它让你“浴霸”不能。	产品行为,产品行为##发布
在下半年的时候趣步APP正式上市，一时之间大街小巷都充满了关于趣步的广告，走走路就能赚钱，看上去是挺轻松的，除了在认证的时候需要支付一块钱以外，似乎再也没有其它任何的投入。	产品行为,产品行为##发布
在之前的一场求婚仪式上，何猷君正式向奚梦瑶提出求婚，两人的话题也是一直活跃在热搜点上，但是在之前他们都没有公开过在一起什么的，所以一时之间有人甚至觉得他们是在为何家的商业在做宣传。	人生,人生##求婚
在发布会上，中国移动副总裁李慧镝表示，中国移动将于明年年底推出1000元至2000元的5G手机产品，这意味着在5G商用的第二年，普通消费者就可以用上5G千元机了	产品行为,产品行为##发布
在国产品牌SUV车型中，奇瑞这个品牌的地位似乎有点尴尬，它先后推出的风云系列，QQ系列，到后来的A系列、E系列，最终存活下来的寥寥无几。	产品行为,产品行为##发布
在安卓版微信7.0.4发布20多天后，今天，iOS版微信也终于迎来了7.0.4的更新。	产品行为,产品行为##发布
在微软刚刚推出的KB4493132累积更新补丁中，他们再一次提醒用户，他们即将停止对Windows7的支持，所以希望大家赶快升级至Windows10。	产品行为,产品行为##发布
在日前开幕的2019年深港澳车展上，新款雷克萨斯RX正式亮相。新车为一款中大型SUV，并且为中期改款车型，新车在内饰以及外观方面均进行了较大幅度的调整以及升级，整体相比现款车型看上去更为时尚也更具视觉冲击力。	产品行为,产品行为##发布
在深港澳车展的第一天，腾势ConceptX概念车正式亮相。	产品行为,产品行为##发布
在科技分析师安希尔•萨格(AnshelSag)早些时候的一份报告发表后，三星向theVerge证实，三星刚刚发布的GalaxyNote10和Note10Plus与GearVR不兼容。	产品行为,产品行为##发布
在韩国的娱乐圈当中，宋慧乔和宋钟基离婚这件事情，也算是非常大的一件事了，毕竟两个人从结婚的时候一直被大家看好，没想到这么短的时间内竟然离婚了，真是让人不胜唏嘘。	人生,人生##离婚,人生##结婚
复联四已经上映很久了，小编也是反反复复刷了好几遍，不过虽然最近的N刷中，小编有几个地方很感兴趣，就是关于复联四里的时间线，以及平行宇宙问题。	产品行为,产品行为##上映
外后视镜片存安全隐患，长城汽车(02333)宣布召回62655辆哈弗H2s汽车	产品行为,产品行为##召回
外形变化小内饰变化大新款阿特兹8月下旬上市	产品行为,产品行为##发布
大兴机场空轨联运上线体验草桥站“轻装”直达机场	产品行为,产品行为##发布
大家好，我是人见人爱的红豆君，明天MSI小组赛就要正式开始了，IG、SKT、G2、FW、PVB和TL六支战队聚集在此，这两天还迎来一个特殊的日子，那就是李哥的生日了，5月7号Faker迎来了自己的23岁生日，粉丝为了给Faker庆生，还在美国时代广场投放Faker视频进行生日应援，李哥还是李哥，排面十足嗷！	人生,人生##庆生
大家好，我是爱玩数码姬，红米最近出了一款新机redmiK20，预计5月28日14点正式发布。	产品行为,产品行为##发布
大家好，这里是老黄谈影视，欢迎收看本期视频，这里是老黄，今天分享的是，易烊千玺的《少年的你》选角，并不是第一眼被选中的人，过程很复杂，这部由易烊千玺主演的青春校园影片。只剩了5天就要上映了，想想就觉得非常期待，主要讲述的是，校园暴力给花一般年纪的孩子，带来的巨大的伤害，易烊千玺此次将会携手实力派老戏骨周冬雨主演，周冬雨饰演的陈念，是一个学习很好的高三学生。	产品行为,产品行为##上映
天上掉下个灭火器女子被砸不幸身亡高空抛物者竟是一个10岁男孩	人生,人生##死亡
太无情？女爱豆出道四个月突然怀孕，公司宣布将其除名退圈	人生,人生##怀孕
夫妻加勒比度假，妻子突发重病被误诊耽误救治去世。	人生,人生##死亡
央视点赞：产销一体化新模式，京东植物工厂为农业发展提供新思路	交往,交往##点赞
失联11天疑陷传销女孩找到，家人谈解救过程，网友：真是心惊肉跳	人生,人生##失联
奔驰摊上什么事了？主动召回60万问题车辆，看看都有啥问题？	产品行为,产品行为##召回
奚梦瑶成功嫁入豪门与何猷君先后公布喜讯，他们是奉子成婚么？	人生,人生##结婚
奚梦瑶被求婚后首度现身！平坦肚腹引人猜疑，已低调摘下订婚戒指	人生,人生##求婚
奥迪召回北美地区部分e-tronSUV车型	产品行为,产品行为##召回
孙俪和邓超是娱乐圈里典型的一对恩爱夫妻了，结婚很多年两个人是一如既往的甜蜜，他们两个的生活中经常发生一些小故事，既好笑又甜蜜。	人生,人生##结婚
孙红雷生日，老婆深夜晒照庆生，孙红雷大抢镜，生活真好！	人生,人生##庆生
宁德时代今日回应称，宁德时代关注到蔚来汽车决定召回部分ES8的公告。对此，高度重视此事，将积极配合蔚来汽车的此次召回工作，维护消费者权益。	产品行为,产品行为##召回
宁德时代：将配合蔚来ES8召回工作	产品行为,产品行为##召回
宋仲基和宋慧乔宣布离婚以后，媒体也猜测两人离婚原因，但是目前都没有一个确定的说法，双方也只是很简单做出了回应。而近日宋仲基和宋慧乔似乎都已经投入到了工作，不得不说，两人真是太敬业了吧。	人生,人生##离婚
宋仲基离婚后疑似发福与粉丝合影脸上肉嘟嘟	人生,人生##离婚
宋慧乔、宋仲基离婚，两人“财产分配与赡养费”怎么处理正式揭晓	人生,人生##离婚
实景地图再现亡父照片，辽宁男子泪目	人生,人生##死亡
对于明星结婚一事，都是值得大家关注的事情，我们知道当初袁弘和张歆艺结婚的那时候，不仅仅是两人的婚讯得到了大家的高度关注，就连他们的伴郎团也是让人羡慕不已。	人生,人生##结婚
对于胡杏儿大家并不陌生，曾经与黄宗泽的爱情混混烈烈，但最终依旧没有在一起，在面对这样的事情，胡杏儿并没有失去对爱情的憧憬，在2015年的时候与李承德举行了婚礼，如今生活幸福美满。就在近期，港媒也是拍到有8个月孕肚的胡杏儿现身街头，不过此次现身的她戴着棒球帽和黑色口罩，捂得是非常严实，大家眼中的小可爱李奕霆此次也同妈妈一起现身，看看这个小可爱待在李承德的表姐怀中也是非常的乖巧。	人生,人生##怀孕,人生##结婚
小小的车身里塞了一台400PS的2.5T发动机！一大早，奥迪以一款高性能紧凑型SUV唤醒了我们的神经，他们发布了全新一代RSQ3车型系列，包括标准版和Sportback轿跑SUV。这是奥迪推出的第二代RSQ3。	产品行为,产品行为##发布
小琳成长于单亲家庭，小琳的母亲早些年就离了婚，小琳从小就是母亲抚养长大。	人生,人生##离婚
小米昨天刚刚官宣5G新机三证齐全，已经做好了随时商用准备。今天，师出同门的红米Redmi也有新动静了，有网友发现两款设备型号为M1906G7E、M1906G7T的小米新机通过国内3C认证，预示着即将面世的6400万像素Renmi新机正逐步临近，不过也有人指出，这两款手机也可能是即将发布的RedmiNote8。	产品行为,产品行为##发布
小米电动车正式上市，续航高达120公里，价格却让人无法接受！	产品行为,产品行为##发布
小红书下架，背后的是是非非谁知？	产品行为,产品行为##下架
小红书被下架	产品行为,产品行为##下架
就在今天凌晨，苹果发布了最新的iOS更新，版本号为12.3。	产品行为,产品行为##发布
就在今天，手机行业中深受用户喜爱的iQOO在官微发布了一则重磅消息，据悉本月24日将在北京发布最新款的iQOONeo855版，而对于这款机器相信值得我们很多人期待。	产品行为,产品行为##发布
就在昨天，小米又出一机，在百元机中又使大招，其实对于Redmi系列，它的定位更像是一个独立品牌，这么说是因为小米的一系列的产业链模式也复制给了Redmi这个子品牌，其实不管是怎样的运营模式，小米最终依然是不可代替国产科技力量，而对于昨天小米发布的Redmi8系列的看法，很多网友认为价格底就是热点，其实不然。	产品行为,产品行为##发布
就日前的“魅族MX6无法拨打120”问题，魅族Care官方微博发布“关于何女士所反映问题的致歉与说明”表示，针对何女士反馈的MX6无法拨打120电话的问题，昨日魅族总部客服部负责人已到四川南充当面向何女士及其家人致歉	交往,交往##道歉
尴尬！克劳德向女友求婚被拒，女友是罗斯初恋+曾出轨考文顿	人生,人生##求婚,人生##出轨
川崎男子刀砍19人后自刎被曝51岁和伯父母同住	人生,人生##死亡
工作娱乐两不误，三星旗舰平板GalaxyTabS6发布！	产品行为,产品行为##发布
工商银行今晚公告，6月11日，公司在江苏省苏州市正式推出本行首家基于5G应用的新型智能网点。	产品行为,产品行为##发布
广东连平县因灾死亡人数增至11人	人生,人生##死亡
庆祝新中国成立70周年，由国务院新闻办公室对外推广局，湖南省政府新闻办公室、湖南广播电视台指导，芒果超媒、芒果TV、Discovery联合出品的全球首档跨国联合制作职业体验纪实真人秀《功夫学徒》于9月16日起每周一中午12点在芒果TV全端上线，9月21日在湖南卫视，Discovery全球电视网播出。	产品行为,产品行为##上映
库博与电竞FNC辅助推特发布道歉短文：我表现得很糟糕	交往,交往##道歉
廖某对杀害沈某的犯罪事实供认不讳。	人生,人生##死亡
引来数十位热心的叔叔阿姨们前来探班，现场十分热闹。	交往,交往##探班
张大大朋友圈真丰富，杨幂忙为小糯米庆生，杨颖杨超越陪他过六一	人生,人生##庆生
张敬华会见英国伯明翰大学校长伊斯特伍德一行	交往,交往##会见
张智霖袁咏仪夫妇合体探班于正，三人同框看戏表情很严肃	交往,交往##探班
张杰和谢娜是娱乐圈里有名的模范夫妻，两个人结婚多年，共经风雨，如今谢娜也为张杰生下了两个可爱的女儿，由甜蜜的两口之家变成了幸福的四口之家。	人生,人生##结婚,人生##产子/女
张歆艺带娃探班袁弘，袁弘走廊遛娃发型成亮点！	交往,交往##探班
当地时间5月28日上午7点40分前后，一名男子在日本神奈川县川崎市登户新町公园附近的路上接连用刀刺伤多名等候小车的学生，目前已导致2人死亡，被刺者达19人。凶手已割颈自杀，送医后不治身亡。	人生,人生##死亡
当地时间9月13日，日本选手纪平梨花在赛季揭幕战的2019年加拿大秋季经典赛上勇夺女单冠军，同时两届奥运会冠军羽生结弦在短节目比赛中遥遥领先。	产品行为,产品行为##获奖
恐怖片播放结束后，77岁男子被发现当场死在电影院	人生,人生##死亡
恩施2少年失联5天，搜救犬帮忙寻找，竟发现他们在屋顶……	人生,人生##失联
恭喜！李光洁官宣结婚并在微博晒出与妻子结婚合照	人生,人生##结婚
悲痛！30余岁年轻母亲带俩孩子抓鱼，三人落水，母子溺亡	人生,人生##死亡
惊呆！宋慧乔宋仲基离婚了，究竟是谁“插足”了“双宋”的婚姻？	人生,人生##离婚
成都3警员救灾途中2人牺牲1人失联，追悼会今日举行	人生,人生##死亡,人生##失联
成都车展期间，新款MINICLUBMAN正式上市，新车主要针对外观和配置进行了调整。	产品行为,产品行为##发布
我校十项作品在第三届全国高校“一节一推选”活动中获奖	产品行为,产品行为##获奖
我谈了五年的男友，继母拒绝结婚，两年后跟继妹订婚	人生,人生##订婚,人生##结婚
截至20日3时，爆炸事故已造成10人死亡、5人失联、19人重伤，部分群众受轻伤。	人生,人生##死亡,灾害/意外,灾害/意外##爆炸
截至8月10日下午3时30分，永嘉县岩坦镇山早村新发现5名遇难者，其中2人为原失联人员，3人为新发现人员。	人生,人生##失联
打字太累？苹果将于秋季推出59款emoji表情	产品行为,产品行为##发布
技嘉连发三款X299X主板：迎接十代发烧酷睿X	产品行为,产品行为##发布
招商证券短期融资券发行总额为20亿元	产品行为,产品行为##发布
据“中央社”报道，当地时间30日，美国密西西比州一家沃尔玛超市发生枪击事件，造成2人死亡，一名警察受伤。	人生,人生##死亡,灾害/意外,灾害/意外##袭击
据《印度斯坦时报》报道，巴基斯坦总理伊姆兰·汗参与了本届联合国大会，并且与美国总统特朗普进行了会面。	交往,交往##会见
据人民日报客户端消息，经调查核实，滑坡区域有23户，涉及27栋房屋、其中21栋被埋；23户共77人，其中21人在外已取得联系，截止到7月24日上午11时10分，搜救出22人（11人生还，11人死亡），失联34人。	人生,人生##死亡,人生##失联
据俄罗斯卫星网最新报道，印度陆军宣称，当地时间周二，巴基斯坦军队突然在印巴实控线地区挑起冲突，动用了迫击炮和轻武器向印度一侧的哨所和村镇发动袭击，造成了多人伤亡，印军方随后发动了“对等反击”，根据巴基斯坦的说法，印度的军事行动造成了2名巴平民丧生，并谴责印度方面故意挑起争端。	人生,人生##死亡,灾害/意外,灾害/意外##袭击
据初步统计，共有36人送医院救治，其中已死亡5人。	人生,人生##死亡
据半岛电视台网站7月7日报道，近期叙利亚冲突不断升级，随着俄罗斯再次拒绝土耳其的停火要求，叙俄联军也重新启动了对伊德利卜的攻势，当地时间6日晚间，叙俄空军出动了大批战机对当地发动空袭，造成了大批叛军目标被摧毁，值得注意的是，叛军还指责称，叙俄联军动用了重型凝固汽油弹，这种炸弹的外形如同油桶，由于自重太大，只能通过直升机吊运投掷，据悉在此次空袭中，叙俄直升机投掷的汽油桶炸弹造成了重大伤亡，由于其爆炸之后很难被扑灭，至少上百名叛军武装分子被当场炸死。	人生,人生##死亡,灾害/意外,灾害/意外##袭击
据外媒周二（10月15日）最新报道，美国快餐行业巨头塔可钟（TacoBellCorp.）已经宣布，紧急召回230万磅的碎牛肉。	产品行为,产品行为##召回
据外媒报道，当地时间周三，保时捷通过Twitch公布了其最新的99X电动赛车。	产品行为,产品行为##发布
据外媒，31岁Adele上月申请并正式与SimonKonecki离婚后，与37岁英国饶舌歌手Skepta传出恋情绯闻。	人生,人生##离婚
据媒体报道，9月4日19时著名国产动画影片《黑猫警长》的导演戴铁郎先生因病逝世。影片《黑猫警长》就此画上句号，我们再也等不到下一集了。	人生,人生##死亡
据悉，新车将在9月正式上市。	产品行为,产品行为##上映
据摩洛哥国家电视台7日报道，一辆载客大巴当天在摩洛哥北部发生车祸，造成5人死亡、40人受伤。	灾害/意外,灾害/意外##车祸,人生,人生##死亡
据日媒，J社社长喜多川去世。	人生,人生##死亡
据橙新闻、香港“东网”、《星岛日报》等多家港媒报道，9月13日晚7时许，得知一名警长在红磡海韵轩摆结婚喜宴，又有百余示威者赶到酒店外“赠兴”，不断喊口号、撒纸钱。	人生,人生##结婚
据美国媒体报道，一架小型飞机8日在纽约州长岛坠毁，事故导致机上2人死亡。	人生,人生##死亡,灾害/意外,灾害/意外##坠机
据美国媒体报道，斯嘉丽·约翰逊与交往两年的男友科林·乔斯特订婚了，斯嘉丽的代理人确认了消息。	人生,人生##订婚
据香港媒体报道，30岁美国乡谣女歌手KylieRaeHarris日前驾车前往新墨西哥陶斯一音乐节期间遇上三车连环相撞严重车祸，导致她与另一名16岁女司机MariaElenaCruz死亡。	灾害/意外,灾害/意外##车祸,人生,人生##死亡
文章马伊琍离婚再提姚笛，觉得她和仙剑里的“林月如”好像……	人生,人生##离婚
新华社北京7月22日电（记者郑明达）国务院总理李克强22日上午在人民大会堂会见来华进行国事访问的阿联酋阿布扎比王储穆罕默德。	交往,交往##会见
新款名爵ZS10月17日上市搭1.3T发动机	产品行为,产品行为##发布
新浪财经讯10月18日消息，2019年10月17日，中国人民银行行长易纲会见了国际货币与金融委员会主席、南非央行行长康亚戈，双方就全球经济金融形势、基金组织份额改革等问题进行了讨论。	交往,交往##会见
日产汽车在2019东京车展正式发布了日产IMk纯电动概念车，该车展现日产汽车未来电动化出行的方式。	产品行为,产品行为##发布
日前，一汽-大众汽车有限公司根据《缺陷汽车产品召回管理条例》和《缺陷汽车产品召回管理条例实施办法》的要求，向国家市场监督管理总局备案了召回计划，决定自即日起，召回部分奥迪Q3(参数|询价)车型。	产品行为,产品行为##召回
日前，上汽大众汽车有限公司根据《缺陷汽车产品召回管理条例》和《缺陷汽车产品召回管理条例实施办法》的要求，向国家市场监督管理总局备案了召回计划，决定自2019年10月31日起召回2018年9月12日至2019年3月22日期间生产的部分国产帕萨特汽车，共计293辆。	产品行为,产品行为##召回
日前，上海乐扣乐扣贸易有限公司按照《缺陷消费品召回管理办法》的要求，向国家市场监督管理总局备案了召回计划，将自7月30日起，召回2017年4月至2017年5月期间制造的CKS301型捣碎器，涉及数量为1162件。	产品行为,产品行为##召回
日前，丰田汽车（中国）投资有限公司根据《缺陷汽车产品召回管理条例》和《缺陷汽车产品召回管理条例实施办法》的要求，向国家市场监督管理总局备案了召回计划。决定自2019年10月11日起，召回2005年5月23日至2010年1月19日期间生产的部分进口雷克萨斯SC430汽车，共计357辆。	产品行为,产品行为##召回
日前，保时捷（中国）汽车销售有限公司根据《缺陷汽车产品召回管理条例》和《缺陷汽车产品召回管理条例实施办法》的要求，向国家市场监督管理总局备案了召回计划。自2019年8月26日起，召回部分进口Cayenne、Panamera系列汽车，共计57200辆。	产品行为,产品行为##召回
日前，国际品牌CK宣布中国男艺人张艺兴成为该品牌的全球代言人，而女星林允则成为品牌的亚太区代言人。在官宣的同时，该品牌也发布了两位代言人为品牌拍摄的广告。不过就在官宣的消息刚刚公布，就有网友曝光CK的官网将中国台湾和中国香港地区独立划分为国家，这也是所有国人无法接受的事情。随后CK官方也在社交平台公开致歉，不过网友们似乎并不能满意这个说法，连带着刚刚官宣的代言人张艺兴和林允也要被大家说道一番。张艺兴在得知了消息之后也第一时间发表了公开声明，不过这一声明不但没有帮助他解决危机，反而引起了更大的争议。	交往,交往##道歉
日前，江苏省连云港市赣榆区一名三岁女童被狗抓伤，次日就医，注射了狂犬病疫苗，随后因发热抢救无效死亡。	人生,人生##死亡
日前，陕西汽车集团有限责任公司根据《缺陷汽车产品召回管理条例》和《缺陷汽车产品召回管理条例实施办法》的要求，向国家市场监督管理总局备案了召回计划。决定自即日起，召回2016年3月3日至2016年8月30日生产的部分M3000、X3000牵引车，共计87辆。	产品行为,产品行为##召回
日本知名动画公司「京都动画」（京都アニメーション，又称「京阿尼」）18日上午遭人蓄意纵火，目前为止已造成16人死亡、约10人心肺功能停止，还有近40人轻重伤。	人生,人生##死亡,灾害/意外,灾害/意外##起火
旧上海女星上官云珠的女儿出国前遭受严重车祸去世	灾害/意外,灾害/意外##车祸,人生,人生##死亡
时间来到五月份，在3K这个档位中，搭载骁龙855处理器的旗舰手机越来越多，像之前发布的小米9、魅族16s、联想Z6Pro、红魔游戏手机3、iQOO手机，还有昨天发布的中兴Axon10Pro，相信许多消费者看的也是眼花缭乱，不知从何处下手。	产品行为,产品行为##发布
明日之子3：选手点赞清零后重新排位，BY2险退出前三	交往,交往##点赞
昨天下午从国外首次转战国内的Realme正式发布了RealmeX系列，凭借出色的配置与价格，瞬间在千元机中脱颖而出，红米Note7系列与三星A60元气版，魅族Note9等一众机型黯然失色。	产品行为,产品行为##发布
昨天日本演唱会后台，特意给金钟大准备了生日蛋糕补过生日，顺便庆祝钟大获得了本次回归的初一位！	人生,人生##庆生
昨天，《诛仙》终于定档，官宣了上映时间，并且送出了海报和预告片，真的让大家一饱眼福。	产品行为,产品行为##上映
昨天，王源吸烟引发热议，微博热搜到爆，无数网友为此议论纷纷。随即王源发了道歉声明，表示对自己造成的不良社会影响会承担责任并接受处罚，以后会更加注意自己的言行。	交往,交往##道歉
昨日晚间，一加在伦敦召开新品发布会，正式发布了一加7以及一加7Pro手机产品。	产品行为,产品行为##发布
昨日，《小小的愿望》主演彭昱畅、魏大勋代表剧组，为即将于9月12日上映的电影预热，进行了一天的媒体探班活动。	产品行为,产品行为##上映,交往,交往##探班
昨日，宋茜发动态上了韩媒热搜其发动态怒怼喷子皆不过因为好友雪莉的逝世，她未在网络社交上发表悼言	人生,人生##死亡
晚20：24，范冰冰通过微博宣布与李晨分手，几乎同一时间，李晨也转发微博，表示确认分手。	人生,人生##分手
景甜宣布与张续科分手，能否盖过林志玲“下嫁”日本男的热搜呢？	人生,人生##结婚,人生##分手
曹云金离婚：别自以为是自己养家，钱谁都能赚，孩子不是谁都能带	人生,人生##离婚
曹云金被骂渣男？前妻唐菀道出离婚真正原因，网友：离得好	人生,人生##离婚
曹金云今日宣布离婚，原因性格不合，网友：你跟谁和？	人生,人生##离婚
曹骏蓝盈莹宣布分手，陪伴时间太少，因为蓝盈莹先红了起来？	人生,人生##分手
曾高调的张继科职场低迷又与景甜分手，队友马龙却事业爱情双丰收	人生,人生##分手
最美寡姐与男友订婚了，与男友已相恋两年	人生,人生##订婚
最近新上映的电影《烈火英雄》不知道大家去看了吗？如果看了的话，相信你也跟我一样被杨紫演技折服；被黄晓明所感动；被杜江的哭泣所感染；被消防员的行动所震撼。面对无情大火，如何能加紧预防呢？不如试试这个！	产品行为,产品行为##上映
最近赌王家可是没少事情发生，就他的这几个儿女纷纷找到自己的归属，超盈也怀孕了	人生,人生##怀孕
最近，文章和马伊俐离婚了，那个当初在文章出轨的时候忍下所有的伤痛，在微博发了，婚姻不易，且行且珍惜的金句，终究没有逃过离婚的命运。	人生,人生##离婚
最近，有不少厂商开始发布了自家的游戏旗舰，搭载的处理器也是高通骁龙855的加强版——骁龙855plus处理器。	产品行为,产品行为##发布
本田CRV，美国发布，新款将给人带来不一样的惊喜	产品行为,产品行为##发布
杀死路人并分尸男子被判死刑	人生,人生##死亡
李光洁再次结婚上热搜！网友：二婚了还这么高调，心疼郝蕾！	人生,人生##结婚
李国庆俞渝离婚财产怎么分？两人名下29项股权，仅当当股权估值就超68亿	人生,人生##离婚
李晨范冰冰的分手被大家称为爱国式分手，说是为了不让韩国娱乐长期占领中国头条。	人生,人生##分手
李湘为王岳伦庆生，晒照秀恩爱，两人共度甜蜜时刻	人生,人生##庆生
李荣浩趁着生日时向女友杨丞琳求婚，闪瞎粉丝，歌手潘玮柏与杨丞琳私交超好，不过对于他们的订婚消息，坦言也是看到李荣浩的PO文才知道，没有事先知情，第一反应是「怎么可能」接着就闹杨丞琳说：「你也有今天。」还透露他和杨丞琳和李荣浩三个人有一个群组，不过他都在裡面骂杨丞琳，而李荣浩就只会回：「哈哈。」	人生,人生##求婚
村民给去世30年的爷爷办寿宴：3年不办酒要亏20万	人生,人生##死亡
杨幂和刘恺威离婚后，杨幂事业依然是一路飙升，但是刘恺威本人的事业就真的是有点不温不火了，在内地市场的资源量似乎并不比香港强很多。刘恺威、杨幂在2018年底宣布离婚，双方一人在大陆忙工作，一人暂休在香港陪伴女儿，至今已经过去8个多月，近日刘恺威的爸爸刘丹在受访时，曝光了小糯米的近况，说起孙女先前在学校上台表演，笑得非常开心，语气里透出满满的自豪感。	人生,人生##离婚
杨幂爸爸上传小糯米五岁生日派对现场照片，随后删除	人生,人生##庆生
杨幂生日当天宣布大事，要坐实与魏大勋恋情了？网友：好期待	人生,人生##庆生
林志玲为爱与勇气而结婚！为什么小姐姐小哥哥都喜欢欧阳娜娜？	人生,人生##结婚
林志玲婚后并未同居，老公黑泽良平深夜买醉，异国婚姻初显弊端	人生,人生##结婚
林志玲官宣结婚：“女人四十豆腐渣”，是个伪命题	人生,人生##结婚
林志玲结婚了，嫁的却是日本人，网友：好白菜都给猪拱了	人生,人生##结婚
林志玲结婚在热搜榜爆了，女神结婚自然有很多人接受不了，让大家更不能接受的是她的丈夫还是个日本人，虽然他丈夫所在的组合EILE在日本艺人中算比较赚钱，但从外表来看，其忽高忽低的颜值跟林志玲的美貌还是有些不相配的。	人生,人生##结婚
柳岩自曝被男艺人求婚用一半积蓄给她买钻戒蔡康永：是6亿吗？	人生,人生##求婚
标配运动套装2019款宝马4系正式上市：共6款车型	产品行为,产品行为##发布
校园悬疑电影《双生》上映，刘昊然长发造型引发热议	产品行为,产品行为##上映
根据宝马官方最新消息：2020款华晨宝马X3正式上市，共计推出5款车型指导售价区间：38.98万-47.98万，新车外观和配置方面有所升级，动力和现款保持一致。上市后主要竞争奔驰GLC、奥迪Q5L。	产品行为,产品行为##发布
桐乡向全国发布首张“丰收乡贤卡”	产品行为,产品行为##发布
梁家辉首次执导的电影《深夜食堂》将于8月30日上映。	产品行为,产品行为##上映
此前闹得沸沸扬扬的“漏油事件”告一段落之后，近日奔驰又身陷新车“掉轮子”、触屏故障、螺栓混装一系列安全bug。今年时间已经过去半年多，而据统计，奔驰上半年竟已陆续宣布召回汽车达72万辆之多。名列全球高档汽车品牌的奔驰，如今却招来了“频繁深陷质量问题”的说法。	产品行为,产品行为##召回
此外，SUV将于7月上市，并将与哈弗H6等车型竞争。	产品行为,产品行为##发布
氪金版《和平精英》今天正式上线，完美衔接《刺激战场》	产品行为,产品行为##发布
江铃汽车新车入市半年即被召回	产品行为,产品行为##召回
汶川暴雨已致9人遇难35人失联！洪水来袭，村民开私家车转运游客	灾害/意外,灾害/意外##洪灾,人生,人生##失联
沈义人曝光OPPO全球首款瀑布屏真机边框极窄弯曲度或高达88度	产品行为,产品行为##发布
河北的李师傅也是一个跑运输的师傅，和妻子赵女士结婚不久。	人生,人生##结婚
注意！苹果MacBook部分型号召回，这部分电脑不允许上飞机	产品行为,产品行为##召回
泰国北标府一面包车发生翻车事故致3死9伤	灾害/意外,灾害/意外##车祸,人生,人生##死亡
泰星Mew：男友并不是Hiso，婚礼会在明年年初，彩礼还没有商定	人生,人生##婚礼
洛杉矶的潮咖们人手一件LI-NING！李宁上海限定“足不出沪”系列即将登场！	产品行为,产品行为##发布
消防小哥趴引擎盖吃泡面，吃完后一个举动获900多万点赞！	交往,交往##点赞
深港澳车展：新款雷克萨斯RX正式亮相	产品行为,产品行为##发布
渭南高新区荣获组织工作改革创新三等奖	产品行为,产品行为##获奖
湖北省黄冈中学2019生物竞赛取得优异成绩！9人获1等奖，1人进省队	产品行为,产品行为##获奖
漫威系列电影在全球有着很多的影迷，前段时间复联四在国内各大电影院上映，且场场爆满，甚至很多人都没有买到票，电影中钢铁侠、美国队长、黑寡妇、绿巨人、鹰眼等角色深入人心，其中黑寡妇的扮演者斯嘉丽在国外有着很高的人气，不仅长相性感美艳，实力也是非常强的，由她所主演的电影在中国内地票房总和超过100亿，也是国内首位票房过百亿的外籍女演员。	产品行为,产品行为##上映
潘粤明与董洁曾是娱乐圈公认的“金童玉女”，当年潘粤明与董洁的结合也是受到大众的祝福的，然而两人在突然离婚，当时也是掀起了轩然大波，两人被爆离婚后，董洁就首先站出来指责潘粤明当时有赌博的恶习，所以来两人才选择离婚的，在董洁发声后没多久就被打脸，董洁被爆出轨王大治。离婚后潘粤明的事业也是一落千丈，直到去年凭借着《白夜追凶》这部电视剧，才重新出现在大众视线。	人生,人生##离婚
澳洲意难忘，麦粒和锤弟十年爱情长跑终离婚……	人生,人生##离婚
点赞！环江代表队在全市诵读比赛中获奖啦	产品行为,产品行为##获奖
热点｜辽宁开原强龙卷风致6人死亡！专家：历史罕见，现有仪器难以监测	人生,人生##死亡
熊女士告诉记者，自己儿子好不容易结了婚，结果儿媳妇王某临到结婚还有几天了，居然生下了一个孩子，然而这个孩子并不是儿子的！	人生,人生##产子/女
爱情长跑没终点，陈绮贞宣布和钟成虎已分手2年！	人生,人生##分手
父亲卧病多年去世儿子将父亲安葬不久后遗体竟“漂浮”在河面上	人生,人生##死亡
独家视频：习近平会见国际篮联主席穆拉托雷	交往,交往##会见
玉柴600马力发动机法士特12档变速箱2019款乘龙H7重卡国6版发布	产品行为,产品行为##发布
王宝强与马蓉的离婚大戏，历经多年才彻底理清关系，大家以为失去了王宝强的马蓉会过得不好，没想到马蓉过得越来越精彩，生活质量反倒是提升了，靓丽出行更是成为常态	人生,人生##离婚
王源《地久天长》线上首播社会星哥来袭	产品行为,产品行为##上映
现年38岁前TVB花旦陈茵媺，自从2013年与视帝陈豪结婚后，如今已经成为三孩之母了，息影多年的她一直专注于照顾家庭及子女，全心全意做老公背后的女人，令陈豪可以全力为事业拼搏，事业发展得越来越好，认真贤妻良母。	人生,人生##结婚
现年43岁的台湾女星林心如2016年与霍建华结婚，隔年生下女儿小海豚，这两年来，她的身份除了是演员、人妻、人母、制作人之外，9日她宣布又多了一项，即从9月开始正式成为世新大学硕士班新生。	人生,人生##结婚,人生##产子/女
琼瑶的丈夫平鑫涛于上个月23号已过世，享年92岁。	人生,人生##死亡
瑞典斯德哥尔摩当地时间10日下午，2018年和2019年两届诺贝尔文学奖揭晓，波兰作家奥尔加·托卡丘克(OlgaTokarczuk)和奥地利作家彼得·汉德克(PeterHandke)分别荣获该奖项。	产品行为,产品行为##获奖
由博纳影业集团、东方影业、猫眼影业出品，甄子丹监制并主演，叶伟信导演，袁和平担任动作导演，黄百鸣监制的电影《叶问4》正式宣布12月20日全国上映，并曝光定档海报。	产品行为,产品行为##上映
电动e周汇：新能源汽车补贴退坡正式启动，蔚来召回超4千辆ES8	产品行为,产品行为##召回
电影《六连煞》上映悬疑犯罪电影迎来新局面	产品行为,产品行为##上映
电影《床下惊人》定档7月3日，连环凶杀展现人性之恶	产品行为,产品行为##上映
男子刚订完婚竟然杀死未婚妻后自杀	人生,人生##死亡,人生##订婚
男子摔死1岁女儿！死前发朋友圈：把我和闺女葬一起	人生,人生##死亡
男子村里遇害妻子却说丈夫外出打工女儿：常有叔叔来我家看电视	人生,人生##死亡
男神的结婚通知书被曝光！林峯和张馨月恋爱一年多后修成正果	人生,人生##结婚
痛心！小区高空掉下灭火器砸死过路女子，抛物者为十岁男孩	人生,人生##死亡
百胜餐饮集团旗下的肯德基（YUM）周一表示将与汹涌的植物食品供应商BeyondMeat（BYND）合作推出“BeyondFriedChicken”。	产品行为,产品行为##发布
石家庄栾城五中校园欺凌事件最新通报：打人女生向被打女生赔礼道歉取得谅解	交往,交往##道歉
禁不住电动车诱惑，法拉利首款油电混动超跑正式发布	产品行为,产品行为##发布
秋瓷炫于晓光婚礼儿子镜头首公开，穿中式套装推学步车，衣服抢镜	人生,人生##婚礼
科幻电影《上海堡垒》曝海报定档8月9日	产品行为,产品行为##上映
突发！广西一大学男生1000米体测时摔倒身亡，年仅21岁	人生,人生##死亡
立威廉为老婆Joyce庆生，日前带她跟4岁女儿Harper到东京迪斯尼玩。Harper集万千宠爱于一身，跟爸爸玩起公主游戏。立威廉偶尔会被朋友问「怕不怕女儿有公主病」？他笑说：“我都让Harper看灰姑娘和白雪公主那种会做家事的公主，所以她都会帮忙做家事！”Harper平常在家看故事书，第一次到迪斯尼玩，不但扮成辛迪瑞拉穿玻璃鞋，立威廉老爸还扮成王子，超级开心。	人生,人生##庆生
第55届百想艺术大赏IU夺女子人气奖！红毯梦幻雕花礼服引热议！	产品行为,产品行为##获奖
粤剧大师邓永祥遗孀去世与儿女争4亿遗产10年曾骂子女为狗	人生,人生##死亡
索尼Xperia8正式发布主要面向中端市场	产品行为,产品行为##发布
紧急！召回！这种畅销多国的瘦脸针被查出不合格！涉及产品约2000万元……	产品行为,产品行为##召回
红杉创始人逝世，沈南鹏悼念“硅谷传奇”；特朗普吐槽iPhone：没Home键太难用；网易有道CEO回应破发：不在意短期波动……	人生,人生##死亡
红米K20Pro发布：搭配骁龙855，售价首次突破2000，米粉不愿买单	产品行为,产品行为##发布
细节微调！一汽-大众中型SUV探岳推征途版，25号底上市	产品行为,产品行为##发布
继中国篮协、央视体育频道等机构暂停与休斯顿火箭俱乐部的合作与交流后，今日淘宝也下架了全部与休斯顿火箭队有关的物品，而阿里巴巴高管也就相关商品下架的情况作出了回应。	产品行为,产品行为##下架
综合续航520km，威马EX5长续航版即将发布，老用户或可选择升级电池	产品行为,产品行为##发布
美国一陆军基地发生训练事故致3死3伤	人生,人生##死亡
美国夏威夷州瓦胡岛21日发生小型飞机坠毁事故，11人死亡。	人生,人生##死亡,灾害/意外,灾害/意外##坠机
美国演员卡米因·卡里迪去世曾出演《教父续集》	人生,人生##死亡
美国网件发布全系列Wi-Fi6家用无线路由器	产品行为,产品行为##发布
美曼哈顿一公寓楼发生电梯坠落事件1男子当场死亡	人生,人生##死亡
美的置业：贵阳项目挡墙垮塌致8人遇难已责令全面停工	人生,人生##死亡,灾害/意外,灾害/意外##坍/垮塌
老李昨天晚上在开播的时候鞠躬感谢了所有人，感谢所有人对华钜公会的支持，让华矩公会获得了卓越公会。	交往,交往##感谢
而婚礼结束之后，儿媳妇王某干脆带着孩子一走了之了，死也不愿意回自己家了，这样的结果让熊女士一家十分的闹心，儿子儿媳已经结婚领证了，这还没几天就分居十分的难受，想知道儿媳妇到底是怎么想的。	人生,人生##婚礼,人生##结婚
而蔚来汽车召回4800多辆的ES8新能源汽车，是因为它的电池有设计问题，会出现自燃的现象，并且已经被调查机构证实，所以蔚来采用了召回方式。	产品行为,产品行为##召回
胡德关键时刻连得7分拒绝5加时，约基奇直摇头马龙赛后道歉	交往,交往##道歉
腾讯视频道歉如此大的疏忽究竟是失误还是一贯风格	交往,交往##道歉
自从这位大众心目当中的清纯女神结婚之后，更是令不少的男同胞表示心碎，而且在高圆圆和赵又廷结婚时，当天网友更是纷纷的留言：夺妻之仇不可忘！	人生,人生##结婚
自媒体时代首部微信随笔集《行走的树》，今天在长沙与读者见面。发布会现场，该书作者、吉首大学原正校级督导张建永与王跃文、龚曙光、水运宪、蔡测海、王雪瑛等文艺界嘉宾畅谈身边事、身边人，共同探讨文学的底气和元气。	产品行为,产品行为##发布
自燃事件后：蔚来大规模“汽车召回”	灾害/意外,灾害/意外##起火,产品行为,产品行为##召回
苍井空生产后首晒娃，老公罕见出镜采访并称：辛苦老婆	人生,人生##产子/女
英名校美女遭男友敲诈威胁传播其露骨视频，绝望跳24米高楼身亡	人生,人生##死亡
英雄联盟这款游戏已经持续了快9个赛季的时间，从整个游戏系统来看，以前许多存在游戏中的不合理的BUG现在已经全部被修复，看似这些已经被官方所平衡，实际上却不是那么回事。就拿最新上线的奇亚娜这个英雄来说，三种元素的切换，禁锢隐身这两种能力全都有，大招伤害控制也是全都有，就这样一位英雄却有着这样的BUG，奇亚娜的大招可以击杀我方小兵，下面我们就一起来看一看究竟是怎么一回事。	产品行为,产品行为##发布
苹果AirPodsPro发布了杜蕾斯又发神文案	产品行为,产品行为##发布
苹果公司回应：“我们了解到HKmap.live的使用已危害到执法人员和香港居民。香港许多相关用户与我们联系后，我们立即开始调查该APP。该App显示警察的位置，我们已与香港网络安全及科技罪案调查科进行了核实，该应用程序被用于定位和伏击警察，威胁到了公共安全，并且犯罪分子已经使用它来在他们知道没有警察执法的地方来伤害居民。此App违反了我们的准则和当地法律，我们已将其从AppStore中删除。”	产品行为,产品行为##下架
苹果公司最近爆料频频，可以说是赚足了用户们的眼球，今天有外媒爆料，苹果公司将会在今年9月12日发布新一代iPhone，这次依然会同时推出三款手机，分别是iPhoneXS系列和iPhoneXR的升级版——暂时将其称为iPhone11S和iPhone11R，而新机的售价可能仍在万元以上。	产品行为,产品行为##发布
苹果召回部分2015款MacBookPro：电池会自燃起火	产品行为,产品行为##召回
苹果将召回43.2万部MBP，因电池过热可能引发火灾	产品行为,产品行为##召回
苹果月初清理下架2.2w+款产品；抖音、网易云音乐增加社交属性	产品行为,产品行为##下架
苹果要停产的机型分别是iPhone6S、iPhone6SPlus、iPhone6、iPhone6Plus和iPhoneSE，这些机型最老的是2014年发布的，距离现在已经过去了5年，而最新的也是2016年发布的。	产品行为,产品行为##发布
荣耀20系列发布不久后，上一代的老旗舰荣耀V20就进入了降价模式，如今已经来到了2000出头的位置，毕竟搭载着麒麟980处理器，2000多的价格让荣耀V20的性价比一下就凸显了出来，因此有不少用户趁此期间换购了荣耀V20，然而让人没想到的是，荣耀V20才降价没多久，荣耀9X系列又发布了。	产品行为,产品行为##发布
荣耀20系列发布；拍照超佳能，视频超狗7，硬核反击K20	产品行为,产品行为##发布
荣耀20系列国内正式发布DXO获高分全球第二	产品行为,产品行为##发布
荣耀手环5确定发布会时间为7.23日，荣耀9X系列新品和手环5应该是一起发布，这次荣耀手环5在外观ID上和手环4没啥区别主要体现在荣耀手环5增加了血氧功能。	产品行为,产品行为##发布
荣耀早前宣布将会在5月21日于伦敦举行新品发布会，正式发布荣耀20系列新品，而网络上已经有不少荣耀20的资料曝光。	产品行为,产品行为##发布
葛天获香港国际青年电影节最具潜力演员奖	产品行为,产品行为##获奖
蒂芙尼推出“Tiffany1837Makers”男士珠宝系列	产品行为,产品行为##发布
蒋欣、杨紫两人过生日，分别送上祝福以及礼物，网友：期待好作品	人生,人生##庆生
蔡少芬28日与老公张晋在微博上宣布，成功怀上第三胎，不少圈中好友及粉丝都为他们感到开心不已，对此蔡少芬29日发文感谢，还说自己一直想要4个孩子的心愿终于成真了，不少网友纷纷询问：“是怀双胞胎吗？”蔡少芬对此编辑微博补充说明“加上小产的BB”，令人心疼。	人生,人生##怀孕
蜘蛛侠在漫威一众超级英雄中一直属于是热门角色，去年索尼在PS4上推出的《漫威蜘蛛侠（MarvelsSpider-Man）》引起了粉丝与玩家之前的轰动，这款游戏证明了蜘蛛侠彼得•帕克在PlayStation游戏机上的未来是光明的。	产品行为,产品行为##发布
袁弘剧组拍戏不忘为来探班老婆准备鸡汤，张歆艺被打动眼眶湿润！	交往,交往##探班
要说最近游戏圈议论最多的话题，莫过于魔兽世界经典怀旧服的正式上线了。	产品行为,产品行为##发布
计划今年10月底召回近30万辆E级，奔驰终于认错了？	产品行为,产品行为##召回
讯飞输入法吉祥物小飞飞发布同款皮肤超萌亮相	产品行为,产品行为##发布
记者获悉，著名播音艺术家、朗诵艺术家林如于8月15日去世，享年84岁。	人生,人生##死亡
说到姜潮和麦迪娜，大家都相当熟悉了，麦迪娜在怀孕期间也是参加了综艺节目，那就是《新生日记》，在最新一期相信大家已经看过了，在这一期中，李艾已经退出节目了，迎来了新的嘉宾陈燃和她的外国老公，这一对夫妻也是很有话题度的，陈燃的风格和李艾还是很像的。这一期的麦迪娜姜潮家也是非常的精彩。	人生,人生##怀孕
说起因为没拉窗帘而曝光私生活的明星，前有董洁和王大治出轨，后有陈赫和张子萱，还有小别胜新欢的郑爽胡彦斌，就连体坛的明星林丹贡献出了1分多钟的短片，而近日，又有一线男明星，因为窗帘的事情，而曝光了恋情。	人生,人生##出轨
说起奚梦瑶，大家都是认识的，作为超模，一直以来她的热度也是不低，而之前和她的男友多次被拍到在一起的画面时，更是让大剧爱磕了不少糖，不过但是他们毕竟还没有正式公布，大家也是带有几分不确定，直到前几天，赌王儿子何猷君，求婚奚梦瑶，这一段恋情才彻底被大家确定下来。	人生,人生##求婚
谷歌停服消息不断蔓延，荣耀20系列如约发布不受影响	产品行为,产品行为##发布
贾跃亭先离婚再申请破产，转移财产到妻子名下，网友：这招真高	人生,人生##离婚
赵丽颖产后首次现机场，一身简单服装难掩好身材，戴墨镜显呆萌样	人生,人生##产子/女
超硬核婚礼！106对新人工地举办集体婚礼，婚车是高铁	人生,人生##婚礼
近几年智能穿戴产品持续走热，而国内知名的智能穿戴设备厂商华米科技接连发布了多款新品。最新发布的AmazfitGTR智能手表，目前已经开卖，吸引了不少消费者的目光	产品行为,产品行为##发布
近日34岁的“寡姐”斯嘉丽·约翰逊再传婚讯，已与男友ColinJost订婚，斯嘉丽的代理人MarcelPariseau确认了该消息。	人生,人生##订婚
近日从官方获悉，新款名爵ZS将于10月17日上市发售。	产品行为,产品行为##发布
近日华为发布了全球首款同时支持NSA和SA网络的5G智能手机——华为mate20X5G，该机不仅支持目前的NSA5G网络，也支持未来正式升级的SA网络；NSA是5G网络的过渡阶段，最终还是要形成SA网络的。	产品行为,产品行为##发布
近日，NBA官方宣布了一项大奖，前NBA球员拉里-伯德与魔术师约翰逊将会在本年度NBA颁奖典礼上领取终身成就奖	产品行为,产品行为##获奖
近日，在南昌发生了一起影响极其恶劣的故意伤人事件，这起事件直接导致了三人不治身亡。	人生,人生##死亡
近日，在江西发生了一起奇怪的谋杀案。在江西省的某个村庄里，一名男子被人发现死在了自己家中的沙堆上，在死者的头边插着一把十几厘米的尖刀。	人生,人生##死亡
近日，多家非洲媒体和部分西方媒体报道称，一名美国的传教士和她的NGO组织被控常年在非洲国家乌干达冒充医生行骗，更导致上百名儿童死亡！	人生,人生##死亡
近日，威马汽车创始人沈晖通过微博发布了致威马用户的一封信，信中明确了威马EX5520km长续航版本即将发布，同时也交代了针对老用户的升级政策。	产品行为,产品行为##发布
近日，据篮球知名DJ谢明宏在个人社交平台发布一条重要信息：“好久不见卞兰，当初征战球场有革命情感的女球员，原来她嫁给了龚松林，江苏女篮功勋成员再聚首。”	人生,人生##结婚
近日，有媒体报道称，20年前昭通巧家县一村民被打致死，立案与否没说法。	人生,人生##死亡
近日，有媒体拍到潘粤明绯闻女友尹姝贻现身片场探班。	交往,交往##探班
近日，湖南新晃“校园埋尸案”引发关注的同时，另外一起发生在湖南益阳的陈年旧案再次进入公众视野——2002年4月26日，益阳赫山区教师李尚平被枪杀，家属和坊间传言认为他的死也与一起举报事件相关，该案时至今日未结案。	人生,人生##死亡
近日，琼瑶丈夫平鑫涛的离世引发网友的热议，不少网友都为其感到惋惜，琼瑶本人也是受到了很大的打击。	人生,人生##死亡
近日，由罗永昌执导，任达华、梁咏琪、罗仲谦、杨采妮、袁姗姗等主演电影《小Q》宣布撤出暑期档，已改档9月20日上映，但帝宸星观影团的小影迷们则幸运的参与了到了《小Q》7月22日的点映专场活动中。在观影后的映后主创见面会上，小成员们与明星演们积极互动提问，分享自己被感动后的观影感受，得到了全场观众的掌声鼓励。	产品行为,产品行为##上映
近日，纳智捷旗下的全新中型SUV——URX正式亮相，国内目前在售的纳智捷SUV只有两款，分别为小型SUVU5和紧凑型SUV优6，纳智捷URX将有望成为纳智捷第三款在国内销售的车型。	产品行为,产品行为##发布
近来，让我一系列新闻让我等吃瓜群众（单身狗）尤其对爱情绝望：宋慧乔和宋仲基离婚了，迪拜酋长王妃从说起酋长就“爱心眼”到现在出逃了，范冰冰和李晨也和平分手了，从一国王妃到国民女神，跨越了国度和圈子，让我们民众深深觉得，爱情，果然不靠谱！这世上，连爱情都是假的，还有什么是真的呢？	人生,人生##离婚,人生##分手
这一轮新片有部动画片票房火力很强，它就是《哪吒之魔童降世》。该片昨日正式上映，首日票房狂收1.37亿元，刷新今年暑期国产电影开画纪录，邓超大片《银河补习班》连冠天数也被终结了。	产品行为,产品行为##上映
进入2019年，5G成为了大家关注的焦点，除了苹果以外，其它有实力的手机厂商都开始发布5G手机。但是和现在4G手机相比，5G手机的价格都普遍较高，这让很多对5G手机感兴趣的用户看了看羞涩的钱包退却了。随着iQOOPro5G版的发布，这一局势得以改变，iQOOPro5G版起售价仅为3798元，相当于一款旗舰4G手机的价格，无形中降低了5G手机的入手门槛，得到了消费者的喜爱。当然，iQOOPro5G版的性能也很强悍，今天小编就带大家一起了解一下这款5G旗舰机。	产品行为,产品行为##发布
进击的绿洲：从抢码到下架	产品行为,产品行为##下架
迪迪埃·奎洛兹，2019年诺贝尔物理学奖获得者之一，这样描述了他眼中的世界。	产品行为,产品行为##获奖
邓超赶往剧组探班孙俪，与一旁工作人员热聊等待孙俪收工！	交往,交往##探班
邵阳男技工维修空调时意外触电身亡，调解后就赔偿达成一致	人生,人生##死亡
郎朗一位国宝级别的钢琴家，在娱乐圈里也算是名气颇高的一位音乐人了，不过他比较低调，除了一些大型音乐会基本见不着他人，就连绯闻都少之又少，不想进来一更新动态就放了一个大招，官宣结婚！	人生,人生##结婚
部分国产奥迪Q3将召回共计130462辆	产品行为,产品行为##召回
郭晶晶生完三胎没有奖励，婆婆意外透露原因，暴露郭晶晶豪门地位	人生,人生##产子/女
郭碧婷送准婆婆手机，人美心美孝顺又细心，向太高兴大赞网友聪明	交往,交往##点赞
重庆城口县发生山体滑坡1人死亡6人失联	人生,人生##死亡,人生##失联
金属卡扣安装不到位，上海乐扣乐扣贸易有限公司将召回捣碎器1162件	产品行为,产品行为##召回
金泰熙产下二胎，杨丞琳宣布领证，唐嫣你是来凑数的吗	人生,人生##结婚,人生##产子/女
银隆新能源艾菲正式上市，新车共推出一款车型，新车定位纯电动MPV，补贴前售价为43.00万元。	产品行为,产品行为##发布
闫妮与男友分手亲密照流出疑遭旧爱报复曾叫20名保安驱赶王启名	人生,人生##分手
闫妮被称“中年妇女逆袭”典范，曾低调离婚，感情世界里没有恨！	人生,人生##离婚
陈乔恩想必大家都不陌生，在13年版的《笑傲江湖》饰演东方不败一角，凭借甜美的外表内在的淑女气质广受粉丝喜爱，在她饰演的东方不败中，可以被称为最美东方不败了吧，自从火了以后各部电视剧还是电影，都邀请陈乔恩前来饰演，综艺节目中也频繁出现，那几年可真是忙坏了，自从她的好朋友去世之后，就很少出现在大家的视线中了。	人生,人生##死亡
陈民和陶虹在都有家庭的情况下擦出了爱的火花，陶虹为了陈民在2014年离了婚，但是陈民却迟迟没有说法，陶虹心理落差太大，于是迁怒于陈民的家人，不停地进行骚扰。	人生,人生##离婚
陈若仪大家肯定都不陌生吧，她是林志颖的妻子，她当年还是一个组合团体，可能很多人都不知道吧。其实在早年她也拍摄过偶像剧东方朱丽叶，只是反响平平，并没有被许多人知道。之后她和林志颖结婚，两个人有了自己的孩子，受到许多人的关注。	人生,人生##结婚
雄鹿队当家球星、人称字母哥的阿德托昆博今天在社交媒体上对支持他的球迷表示感谢，字母哥还宣布，下赛季一定会变得更好，强势回归。	交往,交往##感谢
雪佛兰新一代创酷在重庆车展上正式上市，共推出包括Redline版在内的6款车型，售价区间为9.99万元-13.99万元，配置1.0T和1.3T两款动力。	产品行为,产品行为##发布
雪佛兰新一代创酷正式上市，9.99万元起售	产品行为,产品行为##发布
零的突破！中科院发布首个国产重离子治疗设备	产品行为,产品行为##发布
雷克萨斯召回1.4万辆IS/IS-C汽车，因副驾驶安全气囊存在风险	产品行为,产品行为##召回
雷军：明年小米将推10款5G手机，资费合适的话建议用5G	产品行为,产品行为##发布
青岛地铁施工段坍塌致3人遇难2名失联者仍在搜救	人生,人生##死亡,灾害/意外,灾害/意外##坍/垮塌,人生##失联
非诚勿扰男嘉宾假扮富二代牵手女嘉宾，恋爱期间出轨几十人	人生,人生##出轨
鞭牛士5月22日消息，据新浪援引TheVerge报道，微软在线商店已经下架了华为的笔记本MateBookXPro，而这款设备之前在美国市场销售的非常不错，至于下架的原因，目前并不知晓。	产品行为,产品行为##下架
韩国球员踩奖杯引发众怒，随后韩国队全队公开道歉，30日，组委会宣布收回韩国U18获得的冠军奖杯。	交往,交往##道歉
首发6400万像素拍照，realme确认将在印度发新机	产品行为,产品行为##发布
首款6K录像无反松下LUMIXS1H国内发布	产品行为,产品行为##发布
马伊琍与文章离婚之后首次微博发文，网友评论：很有深意	人生,人生##离婚
马伊琍和文章离婚了！面对出轨的男人，考虑这五个问题有用么？	人生,人生##离婚
马伊琍文章宣布离婚，11年感情终成过去，这期间发生的事有点多	人生,人生##离婚
马国明承认与黄心颖分手，女方被娱乐圈封杀，现如今朋友关系	人生,人生##分手
马苏再次澄清夜宿风波，称从未介绍男朋友给李小璐，网友纷纷点赞	交往,交往##点赞
骑士官方宣布：功勋解说员FredMcLeod骤然辞世	人生,人生##死亡
高圆圆千里迢迢赶赴横店看望拍戏的赵又廷，这一回她不再是孤身一人去了，带着他们爱的结晶，他们的女儿Rhea去看望爸爸。	交往,交往##探班
鲁迅去世后，日本友人为其制作面膜，最后成国家一级文物	人生,人生##死亡
